#include <stdint.h>

int S1_FONT_WIDTH = 8;
int S1_FONT_HEIGHT = 18;
int S1_FONT_GLYPH = 512;

uint8_t S1_FONT[] = {

    // Glyph 0
    0x00,
    0x00,
    0x00,
    0x00,
    0x3E,
    0x63,
    0x5D,
    0x7D,
    0x7B,
    0x77,
    0x77,
    0x7F,
    0x77,
    0x3E,
    0x00,
    0x00,
    0x00,
    0x00,

    // Glyph 1
    0x00,
    0x00,
    0x00,
    0x00,
    0x00,
    0x00,
    0x7E,
    0x24,
    0x24,
    0x24,
    0x24,
    0x24,
    0x24,
    0x22,
    0x00,
    0x00,
    0x00,
    0x00,

    // Glyph 2
    0x00,
    0x00,
    0x00,
    0x00,
    0x00,
    0x01,
    0x02,
    0x7F,
    0x04,
    0x08,
    0x10,
    0x7F,
    0x20,
    0x40,
    0x00,
    0x00,
    0x00,
    0x00,

    // Glyph 3
    0x00,
    0x00,
    0x00,
    0x00,
    0x00,
    0x08,
    0x10,
    0x20,
    0x40,
    0x20,
    0x10,
    0x08,
    0x00,
    0x7C,
    0x00,
    0x00,
    0x00,
    0x00,

    // Glyph 4
    0x00,
    0x00,
    0x00,
    0x00,
    0x00,
    0x10,
    0x08,
    0x04,
    0x02,
    0x04,
    0x08,
    0x10,
    0x00,
    0x3E,
    0x00,
    0x00,
    0x00,
    0x00,

    // Glyph 5
    0x00,
    0x00,
    0x00,
    0x00,
    0x00,
    0x00,
    0x7E,
    0x7E,
    0x7E,
    0x7E,
    0x7E,
    0x7E,
    0x7E,
    0x00,
    0x00,
    0x00,
    0x00,
    0x00,

    // Glyph 6
    0x00,
    0x00,
    0x00,
    0x00,
    0x00,
    0x00,
    0x10,
    0x38,
    0x7C,
    0xFE,
    0x7C,
    0x38,
    0x10,
    0x00,
    0x00,
    0x00,
    0x00,
    0x00,

    // Glyph 7
    0x00,
    0x00,
    0x00,
    0x10,
    0x30,
    0x10,
    0x11,
    0x12,
    0x04,
    0x08,
    0x12,
    0x26,
    0x4A,
    0x0F,
    0x02,
    0x02,
    0x00,
    0x00,

    // Glyph 8
    0x00,
    0x00,
    0x00,
    0x10,
    0x30,
    0x10,
    0x11,
    0x12,
    0x04,
    0x08,
    0x10,
    0x26,
    0x49,
    0x02,
    0x04,
    0x0F,
    0x00,
    0x00,

    // Glyph 9
    0x00,
    0x00,
    0x00,
    0x70,
    0x08,
    0x30,
    0x09,
    0x72,
    0x04,
    0x08,
    0x12,
    0x26,
    0x4A,
    0x0F,
    0x02,
    0x02,
    0x00,
    0x00,

    // Glyph 10
    0x00,
    0x00,
    0x00,
    0x08,
    0x08,
    0x08,
    0x08,
    0x08,
    0x00,
    0x00,
    0x08,
    0x08,
    0x08,
    0x08,
    0x08,
    0x00,
    0x00,
    0x00,

    // Glyph 11
    0x00,
    0x00,
    0x24,
    0x24,
    0x00,
    0x00,
    0x00,
    0x00,
    0x00,
    0x00,
    0x00,
    0x00,
    0x00,
    0x00,
    0x00,
    0x00,
    0x00,
    0x00,

    // Glyph 12
    0x00,
    0x00,
    0x00,
    0x00,
    0x00,
    0x00,
    0x00,
    0x00,
    0x00,
    0x00,
    0x00,
    0x00,
    0x00,
    0x00,
    0x08,
    0x08,
    0x30,
    0x00,

    // Glyph 13
    0x00,
    0x00,
    0x00,
    0x07,
    0x08,
    0x08,
    0x08,
    0x3E,
    0x08,
    0x08,
    0x08,
    0x08,
    0x08,
    0x08,
    0x70,
    0x00,
    0x00,
    0x00,

    // Glyph 14
    0x00,
    0x00,
    0x00,
    0x00,
    0x08,
    0x08,
    0x3E,
    0x08,
    0x08,
    0x08,
    0x08,
    0x08,
    0x08,
    0x08,
    0x00,
    0x00,
    0x00,
    0x00,

    // Glyph 15
    0x00,
    0x00,
    0x00,
    0x00,
    0x08,
    0x08,
    0x3E,
    0x08,
    0x08,
    0x08,
    0x08,
    0x3E,
    0x08,
    0x08,
    0x00,
    0x00,
    0x00,
    0x00,

    // Glyph 16
    0x00,
    0x00,
    0x00,
    0x00,
    0x42,
    0xA4,
    0xA4,
    0x48,
    0x10,
    0x10,
    0x2A,
    0x55,
    0x55,
    0x8A,
    0x00,
    0x00,
    0x00,
    0x00,

    // Glyph 17
    0x00,
    0x00,
    0x00,
    0x00,
    0xF1,
    0x5B,
    0x55,
    0x51,
    0x00,
    0x00,
    0x00,
    0x00,
    0x00,
    0x00,
    0x00,
    0x00,
    0x00,
    0x00,

    // Glyph 18
    0x00,
    0x00,
    0x00,
    0x00,
    0x00,
    0x00,
    0x00,
    0x00,
    0x00,
    0x00,
    0x00,
    0x00,
    0x49,
    0x49,
    0x00,
    0x00,
    0x00,
    0x00,

    // Glyph 19
    0x00,
    0x00,
    0x00,
    0x00,
    0x00,
    0x00,
    0x00,
    0x08,
    0x10,
    0x20,
    0x10,
    0x08,
    0x00,
    0x00,
    0x00,
    0x00,
    0x00,
    0x00,

    // Glyph 20
    0x00,
    0x00,
    0x00,
    0x00,
    0x00,
    0x00,
    0x00,
    0x10,
    0x08,
    0x04,
    0x08,
    0x10,
    0x00,
    0x00,
    0x00,
    0x00,
    0x00,
    0x00,

    // Glyph 21
    0x00,
    0x00,
    0x24,
    0x24,
    0x24,
    0x12,
    0x00,
    0x00,
    0x00,
    0x00,
    0x00,
    0x00,
    0x00,
    0x00,
    0x00,
    0x00,
    0x00,
    0x00,

    // Glyph 22
    0x00,
    0x00,
    0x24,
    0x24,
    0x24,
    0x48,
    0x00,
    0x00,
    0x00,
    0x00,
    0x00,
    0x00,
    0x00,
    0x00,
    0x00,
    0x00,
    0x00,
    0x00,

    // Glyph 23
    0x00,
    0x00,
    0x00,
    0x00,
    0x00,
    0x00,
    0x00,
    0x00,
    0x00,
    0x00,
    0x00,
    0x00,
    0x24,
    0x24,
    0x24,
    0x48,
    0x00,
    0x00,

    // Glyph 24
    0x00,
    0x00,
    0x00,
    0x00,
    0x00,
    0x00,
    0x00,
    0x00,
    0x00,
    0x00,
    0x00,
    0x00,
    0x24,
    0x24,
    0x24,
    0x12,
    0x00,
    0x00,

    // Glyph 25
    0x00,
    0x00,
    0x00,
    0x00,
    0x00,
    0x00,
    0x00,
    0x00,
    0x00,
    0x00,
    0x00,
    0x00,
    0x10,
    0x10,
    0x10,
    0x08,
    0x00,
    0x00,

    // Glyph 26
    0x42,
    0x3C,
    0x00,
    0x00,
    0x3C,
    0x42,
    0x42,
    0x40,
    0x40,
    0x4E,
    0x42,
    0x42,
    0x42,
    0x3C,
    0x00,
    0x00,
    0x00,
    0x00,

    // Glyph 27
    0x00,
    0x00,
    0x42,
    0x3C,
    0x00,
    0x00,
    0x3A,
    0x46,
    0x42,
    0x42,
    0x42,
    0x46,
    0x3A,
    0x02,
    0x02,
    0x42,
    0x3C,
    0x00,

    // Glyph 28
    0x08,
    0x08,
    0x00,
    0x00,
    0x3E,
    0x08,
    0x08,
    0x08,
    0x08,
    0x08,
    0x08,
    0x08,
    0x08,
    0x3E,
    0x00,
    0x00,
    0x00,
    0x00,

    // Glyph 29
    0x00,
    0x00,
    0x00,
    0x00,
    0x00,
    0x00,
    0x18,
    0x08,
    0x08,
    0x08,
    0x08,
    0x08,
    0x08,
    0x3E,
    0x00,
    0x00,
    0x00,
    0x00,

    // Glyph 30
    0x00,
    0x00,
    0x00,
    0x00,
    0x3C,
    0x42,
    0x42,
    0x40,
    0x30,
    0x0C,
    0x02,
    0x42,
    0x42,
    0x3C,
    0x08,
    0x08,
    0x30,
    0x00,

    // Glyph 31
    0x00,
    0x00,
    0x00,
    0x00,
    0x00,
    0x00,
    0x3C,
    0x42,
    0x40,
    0x30,
    0x0C,
    0x02,
    0x42,
    0x3C,
    0x08,
    0x08,
    0x30,
    0x00,

    // Glyph 32
    0x00,
    0x00,
    0x00,
    0x00,
    0x00,
    0x00,
    0x00,
    0x00,
    0x00,
    0x00,
    0x00,
    0x00,
    0x00,
    0x00,
    0x00,
    0x00,
    0x00,
    0x00,

    // Glyph 33
    0x00,
    0x00,
    0x00,
    0x00,
    0x08,
    0x08,
    0x08,
    0x08,
    0x08,
    0x08,
    0x08,
    0x00,
    0x08,
    0x08,
    0x00,
    0x00,
    0x00,
    0x00,

    // Glyph 34
    0x00,
    0x00,
    0x24,
    0x24,
    0x24,
    0x24,
    0x00,
    0x00,
    0x00,
    0x00,
    0x00,
    0x00,
    0x00,
    0x00,
    0x00,
    0x00,
    0x00,
    0x00,

    // Glyph 35
    0x00,
    0x00,
    0x00,
    0x00,
    0x24,
    0x24,
    0x24,
    0x7E,
    0x24,
    0x24,
    0x7E,
    0x24,
    0x24,
    0x24,
    0x00,
    0x00,
    0x00,
    0x00,

    // Glyph 36
    0x00,
    0x00,
    0x00,
    0x08,
    0x08,
    0x3E,
    0x49,
    0x48,
    0x48,
    0x3E,
    0x09,
    0x09,
    0x49,
    0x3E,
    0x08,
    0x08,
    0x00,
    0x00,

    // Glyph 37
    0x00,
    0x00,
    0x00,
    0x00,
    0x31,
    0x4A,
    0x4A,
    0x34,
    0x08,
    0x08,
    0x16,
    0x29,
    0x29,
    0x46,
    0x00,
    0x00,
    0x00,
    0x00,

    // Glyph 38
    0x00,
    0x00,
    0x00,
    0x00,
    0x18,
    0x24,
    0x24,
    0x24,
    0x18,
    0x28,
    0x45,
    0x42,
    0x46,
    0x39,
    0x00,
    0x00,
    0x00,
    0x00,

    // Glyph 39
    0x00,
    0x00,
    0x08,
    0x08,
    0x08,
    0x08,
    0x00,
    0x00,
    0x00,
    0x00,
    0x00,
    0x00,
    0x00,
    0x00,
    0x00,
    0x00,
    0x00,
    0x00,

    // Glyph 40
    0x00,
    0x00,
    0x00,
    0x04,
    0x08,
    0x08,
    0x10,
    0x10,
    0x10,
    0x10,
    0x10,
    0x10,
    0x08,
    0x08,
    0x04,
    0x00,
    0x00,
    0x00,

    // Glyph 41
    0x00,
    0x00,
    0x00,
    0x20,
    0x10,
    0x10,
    0x08,
    0x08,
    0x08,
    0x08,
    0x08,
    0x08,
    0x10,
    0x10,
    0x20,
    0x00,
    0x00,
    0x00,

    // Glyph 42
    0x00,
    0x00,
    0x00,
    0x00,
    0x00,
    0x00,
    0x08,
    0x49,
    0x2A,
    0x1C,
    0x2A,
    0x49,
    0x08,
    0x00,
    0x00,
    0x00,
    0x00,
    0x00,

    // Glyph 43
    0x00,
    0x00,
    0x00,
    0x00,
    0x00,
    0x00,
    0x08,
    0x08,
    0x08,
    0x7F,
    0x08,
    0x08,
    0x08,
    0x00,
    0x00,
    0x00,
    0x00,
    0x00,

    // Glyph 44
    0x00,
    0x00,
    0x00,
    0x00,
    0x00,
    0x00,
    0x00,
    0x00,
    0x00,
    0x00,
    0x00,
    0x00,
    0x08,
    0x08,
    0x08,
    0x10,
    0x00,
    0x00,

    // Glyph 45
    0x00,
    0x00,
    0x00,
    0x00,
    0x00,
    0x00,
    0x00,
    0x00,
    0x00,
    0x7E,
    0x00,
    0x00,
    0x00,
    0x00,
    0x00,
    0x00,
    0x00,
    0x00,

    // Glyph 46
    0x00,
    0x00,
    0x00,
    0x00,
    0x00,
    0x00,
    0x00,
    0x00,
    0x00,
    0x00,
    0x00,
    0x00,
    0x08,
    0x08,
    0x00,
    0x00,
    0x00,
    0x00,

    // Glyph 47
    0x00,
    0x00,
    0x00,
    0x00,
    0x02,
    0x02,
    0x04,
    0x04,
    0x08,
    0x08,
    0x10,
    0x10,
    0x20,
    0x20,
    0x00,
    0x00,
    0x00,
    0x00,

    // Glyph 48
    0x00,
    0x00,
    0x00,
    0x00,
    0x3C,
    0x42,
    0x42,
    0x42,
    0x4A,
    0x52,
    0x42,
    0x42,
    0x42,
    0x3C,
    0x00,
    0x00,
    0x00,
    0x00,

    // Glyph 49
    0x00,
    0x00,
    0x00,
    0x00,
    0x08,
    0x18,
    0x28,
    0x08,
    0x08,
    0x08,
    0x08,
    0x08,
    0x08,
    0x3E,
    0x00,
    0x00,
    0x00,
    0x00,

    // Glyph 50
    0x00,
    0x00,
    0x00,
    0x00,
    0x3C,
    0x42,
    0x42,
    0x02,
    0x04,
    0x08,
    0x10,
    0x20,
    0x40,
    0x7E,
    0x00,
    0x00,
    0x00,
    0x00,

    // Glyph 51
    0x00,
    0x00,
    0x00,
    0x00,
    0x3C,
    0x42,
    0x42,
    0x02,
    0x1C,
    0x02,
    0x02,
    0x42,
    0x42,
    0x3C,
    0x00,
    0x00,
    0x00,
    0x00,

    // Glyph 52
    0x00,
    0x00,
    0x00,
    0x00,
    0x04,
    0x0C,
    0x14,
    0x24,
    0x44,
    0x44,
    0x7E,
    0x04,
    0x04,
    0x04,
    0x00,
    0x00,
    0x00,
    0x00,

    // Glyph 53
    0x00,
    0x00,
    0x00,
    0x00,
    0x7E,
    0x40,
    0x40,
    0x40,
    0x7C,
    0x02,
    0x02,
    0x02,
    0x42,
    0x3C,
    0x00,
    0x00,
    0x00,
    0x00,

    // Glyph 54
    0x00,
    0x00,
    0x00,
    0x00,
    0x1C,
    0x20,
    0x40,
    0x40,
    0x7C,
    0x42,
    0x42,
    0x42,
    0x42,
    0x3C,
    0x00,
    0x00,
    0x00,
    0x00,

    // Glyph 55
    0x00,
    0x00,
    0x00,
    0x00,
    0x7E,
    0x02,
    0x02,
    0x04,
    0x04,
    0x08,
    0x08,
    0x10,
    0x10,
    0x10,
    0x00,
    0x00,
    0x00,
    0x00,

    // Glyph 56
    0x00,
    0x00,
    0x00,
    0x00,
    0x3C,
    0x42,
    0x42,
    0x42,
    0x3C,
    0x42,
    0x42,
    0x42,
    0x42,
    0x3C,
    0x00,
    0x00,
    0x00,
    0x00,

    // Glyph 57
    0x00,
    0x00,
    0x00,
    0x00,
    0x3C,
    0x42,
    0x42,
    0x42,
    0x42,
    0x3E,
    0x02,
    0x02,
    0x04,
    0x38,
    0x00,
    0x00,
    0x00,
    0x00,

    // Glyph 58
    0x00,
    0x00,
    0x00,
    0x00,
    0x00,
    0x00,
    0x00,
    0x08,
    0x08,
    0x00,
    0x00,
    0x00,
    0x08,
    0x08,
    0x00,
    0x00,
    0x00,
    0x00,

    // Glyph 59
    0x00,
    0x00,
    0x00,
    0x00,
    0x00,
    0x00,
    0x00,
    0x08,
    0x08,
    0x00,
    0x00,
    0x00,
    0x08,
    0x08,
    0x08,
    0x10,
    0x00,
    0x00,

    // Glyph 60
    0x00,
    0x00,
    0x00,
    0x00,
    0x00,
    0x04,
    0x08,
    0x10,
    0x20,
    0x40,
    0x20,
    0x10,
    0x08,
    0x04,
    0x00,
    0x00,
    0x00,
    0x00,

    // Glyph 61
    0x00,
    0x00,
    0x00,
    0x00,
    0x00,
    0x00,
    0x00,
    0x7E,
    0x00,
    0x00,
    0x00,
    0x7E,
    0x00,
    0x00,
    0x00,
    0x00,
    0x00,
    0x00,

    // Glyph 62
    0x00,
    0x00,
    0x00,
    0x00,
    0x00,
    0x20,
    0x10,
    0x08,
    0x04,
    0x02,
    0x04,
    0x08,
    0x10,
    0x20,
    0x00,
    0x00,
    0x00,
    0x00,

    // Glyph 63
    0x00,
    0x00,
    0x00,
    0x00,
    0x3C,
    0x42,
    0x42,
    0x02,
    0x04,
    0x08,
    0x08,
    0x00,
    0x08,
    0x08,
    0x00,
    0x00,
    0x00,
    0x00,

    // Glyph 64
    0x00,
    0x00,
    0x00,
    0x00,
    0x1C,
    0x22,
    0x4A,
    0x56,
    0x52,
    0x52,
    0x52,
    0x4E,
    0x20,
    0x1E,
    0x00,
    0x00,
    0x00,
    0x00,

    // Glyph 65
    0x00,
    0x00,
    0x00,
    0x00,
    0x18,
    0x24,
    0x24,
    0x42,
    0x42,
    0x7E,
    0x42,
    0x42,
    0x42,
    0x42,
    0x00,
    0x00,
    0x00,
    0x00,

    // Glyph 66
    0x00,
    0x00,
    0x00,
    0x00,
    0x7C,
    0x42,
    0x42,
    0x42,
    0x7C,
    0x42,
    0x42,
    0x42,
    0x42,
    0x7C,
    0x00,
    0x00,
    0x00,
    0x00,

    // Glyph 67
    0x00,
    0x00,
    0x00,
    0x00,
    0x3C,
    0x42,
    0x42,
    0x40,
    0x40,
    0x40,
    0x40,
    0x42,
    0x42,
    0x3C,
    0x00,
    0x00,
    0x00,
    0x00,

    // Glyph 68
    0x00,
    0x00,
    0x00,
    0x00,
    0x78,
    0x44,
    0x42,
    0x42,
    0x42,
    0x42,
    0x42,
    0x42,
    0x44,
    0x78,
    0x00,
    0x00,
    0x00,
    0x00,

    // Glyph 69
    0x00,
    0x00,
    0x00,
    0x00,
    0x7E,
    0x40,
    0x40,
    0x40,
    0x7C,
    0x40,
    0x40,
    0x40,
    0x40,
    0x7E,
    0x00,
    0x00,
    0x00,
    0x00,

    // Glyph 70
    0x00,
    0x00,
    0x00,
    0x00,
    0x7E,
    0x40,
    0x40,
    0x40,
    0x7C,
    0x40,
    0x40,
    0x40,
    0x40,
    0x40,
    0x00,
    0x00,
    0x00,
    0x00,

    // Glyph 71
    0x00,
    0x00,
    0x00,
    0x00,
    0x3C,
    0x42,
    0x42,
    0x40,
    0x40,
    0x4E,
    0x42,
    0x42,
    0x42,
    0x3C,
    0x00,
    0x00,
    0x00,
    0x00,

    // Glyph 72
    0x00,
    0x00,
    0x00,
    0x00,
    0x42,
    0x42,
    0x42,
    0x42,
    0x7E,
    0x42,
    0x42,
    0x42,
    0x42,
    0x42,
    0x00,
    0x00,
    0x00,
    0x00,

    // Glyph 73
    0x00,
    0x00,
    0x00,
    0x00,
    0x3E,
    0x08,
    0x08,
    0x08,
    0x08,
    0x08,
    0x08,
    0x08,
    0x08,
    0x3E,
    0x00,
    0x00,
    0x00,
    0x00,

    // Glyph 74
    0x00,
    0x00,
    0x00,
    0x00,
    0x1F,
    0x04,
    0x04,
    0x04,
    0x04,
    0x04,
    0x04,
    0x44,
    0x44,
    0x38,
    0x00,
    0x00,
    0x00,
    0x00,

    // Glyph 75
    0x00,
    0x00,
    0x00,
    0x00,
    0x42,
    0x44,
    0x48,
    0x50,
    0x60,
    0x60,
    0x50,
    0x48,
    0x44,
    0x42,
    0x00,
    0x00,
    0x00,
    0x00,

    // Glyph 76
    0x00,
    0x00,
    0x00,
    0x00,
    0x40,
    0x40,
    0x40,
    0x40,
    0x40,
    0x40,
    0x40,
    0x40,
    0x40,
    0x7E,
    0x00,
    0x00,
    0x00,
    0x00,

    // Glyph 77
    0x00,
    0x00,
    0x00,
    0x00,
    0x41,
    0x63,
    0x63,
    0x55,
    0x55,
    0x49,
    0x49,
    0x41,
    0x41,
    0x41,
    0x00,
    0x00,
    0x00,
    0x00,

    // Glyph 78
    0x00,
    0x00,
    0x00,
    0x00,
    0x42,
    0x62,
    0x62,
    0x52,
    0x52,
    0x4A,
    0x4A,
    0x46,
    0x46,
    0x42,
    0x00,
    0x00,
    0x00,
    0x00,

    // Glyph 79
    0x00,
    0x00,
    0x00,
    0x00,
    0x3C,
    0x42,
    0x42,
    0x42,
    0x42,
    0x42,
    0x42,
    0x42,
    0x42,
    0x3C,
    0x00,
    0x00,
    0x00,
    0x00,

    // Glyph 80
    0x00,
    0x00,
    0x00,
    0x00,
    0x7C,
    0x42,
    0x42,
    0x42,
    0x42,
    0x7C,
    0x40,
    0x40,
    0x40,
    0x40,
    0x00,
    0x00,
    0x00,
    0x00,

    // Glyph 81
    0x00,
    0x00,
    0x00,
    0x00,
    0x3C,
    0x42,
    0x42,
    0x42,
    0x42,
    0x42,
    0x42,
    0x5A,
    0x66,
    0x3C,
    0x03,
    0x00,
    0x00,
    0x00,

    // Glyph 82
    0x00,
    0x00,
    0x00,
    0x00,
    0x7C,
    0x42,
    0x42,
    0x42,
    0x7C,
    0x48,
    0x44,
    0x44,
    0x42,
    0x42,
    0x00,
    0x00,
    0x00,
    0x00,

    // Glyph 83
    0x00,
    0x00,
    0x00,
    0x00,
    0x3C,
    0x42,
    0x42,
    0x40,
    0x30,
    0x0C,
    0x02,
    0x42,
    0x42,
    0x3C,
    0x00,
    0x00,
    0x00,
    0x00,

    // Glyph 84
    0x00,
    0x00,
    0x00,
    0x00,
    0x7F,
    0x08,
    0x08,
    0x08,
    0x08,
    0x08,
    0x08,
    0x08,
    0x08,
    0x08,
    0x00,
    0x00,
    0x00,
    0x00,

    // Glyph 85
    0x00,
    0x00,
    0x00,
    0x00,
    0x42,
    0x42,
    0x42,
    0x42,
    0x42,
    0x42,
    0x42,
    0x42,
    0x42,
    0x3C,
    0x00,
    0x00,
    0x00,
    0x00,

    // Glyph 86
    0x00,
    0x00,
    0x00,
    0x00,
    0x41,
    0x41,
    0x41,
    0x22,
    0x22,
    0x22,
    0x14,
    0x14,
    0x08,
    0x08,
    0x00,
    0x00,
    0x00,
    0x00,

    // Glyph 87
    0x00,
    0x00,
    0x00,
    0x00,
    0x41,
    0x41,
    0x41,
    0x49,
    0x49,
    0x55,
    0x55,
    0x63,
    0x63,
    0x41,
    0x00,
    0x00,
    0x00,
    0x00,

    // Glyph 88
    0x00,
    0x00,
    0x00,
    0x00,
    0x42,
    0x42,
    0x24,
    0x24,
    0x18,
    0x18,
    0x24,
    0x24,
    0x42,
    0x42,
    0x00,
    0x00,
    0x00,
    0x00,

    // Glyph 89
    0x00,
    0x00,
    0x00,
    0x00,
    0x41,
    0x41,
    0x22,
    0x22,
    0x14,
    0x08,
    0x08,
    0x08,
    0x08,
    0x08,
    0x00,
    0x00,
    0x00,
    0x00,

    // Glyph 90
    0x00,
    0x00,
    0x00,
    0x00,
    0x7E,
    0x02,
    0x02,
    0x04,
    0x08,
    0x10,
    0x20,
    0x40,
    0x40,
    0x7E,
    0x00,
    0x00,
    0x00,
    0x00,

    // Glyph 91
    0x00,
    0x00,
    0x00,
    0x1C,
    0x10,
    0x10,
    0x10,
    0x10,
    0x10,
    0x10,
    0x10,
    0x10,
    0x10,
    0x10,
    0x1C,
    0x00,
    0x00,
    0x00,

    // Glyph 92
    0x00,
    0x00,
    0x00,
    0x00,
    0x20,
    0x20,
    0x10,
    0x10,
    0x08,
    0x08,
    0x04,
    0x04,
    0x02,
    0x02,
    0x00,
    0x00,
    0x00,
    0x00,

    // Glyph 93
    0x00,
    0x00,
    0x00,
    0x38,
    0x08,
    0x08,
    0x08,
    0x08,
    0x08,
    0x08,
    0x08,
    0x08,
    0x08,
    0x08,
    0x38,
    0x00,
    0x00,
    0x00,

    // Glyph 94
    0x00,
    0x00,
    0x08,
    0x14,
    0x22,
    0x41,
    0x00,
    0x00,
    0x00,
    0x00,
    0x00,
    0x00,
    0x00,
    0x00,
    0x00,
    0x00,
    0x00,
    0x00,

    // Glyph 95
    0x00,
    0x00,
    0x00,
    0x00,
    0x00,
    0x00,
    0x00,
    0x00,
    0x00,
    0x00,
    0x00,
    0x00,
    0x00,
    0x00,
    0x7F,
    0x00,
    0x00,
    0x00,

    // Glyph 96
    0x00,
    0x00,
    0x00,
    0x10,
    0x08,
    0x04,
    0x00,
    0x00,
    0x00,
    0x00,
    0x00,
    0x00,
    0x00,
    0x00,
    0x00,
    0x00,
    0x00,
    0x00,

    // Glyph 97
    0x00,
    0x00,
    0x00,
    0x00,
    0x00,
    0x00,
    0x3C,
    0x42,
    0x02,
    0x3E,
    0x42,
    0x42,
    0x46,
    0x3A,
    0x00,
    0x00,
    0x00,
    0x00,

    // Glyph 98
    0x00,
    0x00,
    0x00,
    0x40,
    0x40,
    0x40,
    0x5C,
    0x62,
    0x42,
    0x42,
    0x42,
    0x42,
    0x62,
    0x5C,
    0x00,
    0x00,
    0x00,
    0x00,

    // Glyph 99
    0x00,
    0x00,
    0x00,
    0x00,
    0x00,
    0x00,
    0x3C,
    0x42,
    0x40,
    0x40,
    0x40,
    0x40,
    0x42,
    0x3C,
    0x00,
    0x00,
    0x00,
    0x00,

    // Glyph 100
    0x00,
    0x00,
    0x00,
    0x02,
    0x02,
    0x02,
    0x3A,
    0x46,
    0x42,
    0x42,
    0x42,
    0x42,
    0x46,
    0x3A,
    0x00,
    0x00,
    0x00,
    0x00,

    // Glyph 101
    0x00,
    0x00,
    0x00,
    0x00,
    0x00,
    0x00,
    0x3C,
    0x42,
    0x42,
    0x7E,
    0x40,
    0x40,
    0x42,
    0x3C,
    0x00,
    0x00,
    0x00,
    0x00,

    // Glyph 102
    0x00,
    0x00,
    0x00,
    0x0E,
    0x10,
    0x10,
    0x10,
    0x7C,
    0x10,
    0x10,
    0x10,
    0x10,
    0x10,
    0x10,
    0x00,
    0x00,
    0x00,
    0x00,

    // Glyph 103
    0x00,
    0x00,
    0x00,
    0x00,
    0x00,
    0x00,
    0x3A,
    0x46,
    0x42,
    0x42,
    0x42,
    0x46,
    0x3A,
    0x02,
    0x02,
    0x42,
    0x3C,
    0x00,

    // Glyph 104
    0x00,
    0x00,
    0x00,
    0x40,
    0x40,
    0x40,
    0x5C,
    0x62,
    0x42,
    0x42,
    0x42,
    0x42,
    0x42,
    0x42,
    0x00,
    0x00,
    0x00,
    0x00,

    // Glyph 105
    0x00,
    0x00,
    0x00,
    0x08,
    0x08,
    0x00,
    0x18,
    0x08,
    0x08,
    0x08,
    0x08,
    0x08,
    0x08,
    0x3E,
    0x00,
    0x00,
    0x00,
    0x00,

    // Glyph 106
    0x00,
    0x00,
    0x00,
    0x04,
    0x04,
    0x00,
    0x0C,
    0x04,
    0x04,
    0x04,
    0x04,
    0x04,
    0x04,
    0x04,
    0x04,
    0x44,
    0x38,
    0x00,

    // Glyph 107
    0x00,
    0x00,
    0x00,
    0x40,
    0x40,
    0x40,
    0x44,
    0x48,
    0x50,
    0x60,
    0x50,
    0x48,
    0x44,
    0x42,
    0x00,
    0x00,
    0x00,
    0x00,

    // Glyph 108
    0x00,
    0x00,
    0x00,
    0x18,
    0x08,
    0x08,
    0x08,
    0x08,
    0x08,
    0x08,
    0x08,
    0x08,
    0x08,
    0x3E,
    0x00,
    0x00,
    0x00,
    0x00,

    // Glyph 109
    0x00,
    0x00,
    0x00,
    0x00,
    0x00,
    0x00,
    0x76,
    0x49,
    0x49,
    0x49,
    0x49,
    0x49,
    0x49,
    0x49,
    0x00,
    0x00,
    0x00,
    0x00,

    // Glyph 110
    0x00,
    0x00,
    0x00,
    0x00,
    0x00,
    0x00,
    0x5C,
    0x62,
    0x42,
    0x42,
    0x42,
    0x42,
    0x42,
    0x42,
    0x00,
    0x00,
    0x00,
    0x00,

    // Glyph 111
    0x00,
    0x00,
    0x00,
    0x00,
    0x00,
    0x00,
    0x3C,
    0x42,
    0x42,
    0x42,
    0x42,
    0x42,
    0x42,
    0x3C,
    0x00,
    0x00,
    0x00,
    0x00,

    // Glyph 112
    0x00,
    0x00,
    0x00,
    0x00,
    0x00,
    0x00,
    0x5C,
    0x62,
    0x42,
    0x42,
    0x42,
    0x42,
    0x62,
    0x5C,
    0x40,
    0x40,
    0x40,
    0x00,

    // Glyph 113
    0x00,
    0x00,
    0x00,
    0x00,
    0x00,
    0x00,
    0x3A,
    0x46,
    0x42,
    0x42,
    0x42,
    0x42,
    0x46,
    0x3A,
    0x02,
    0x02,
    0x02,
    0x00,

    // Glyph 114
    0x00,
    0x00,
    0x00,
    0x00,
    0x00,
    0x00,
    0x5C,
    0x62,
    0x40,
    0x40,
    0x40,
    0x40,
    0x40,
    0x40,
    0x00,
    0x00,
    0x00,
    0x00,

    // Glyph 115
    0x00,
    0x00,
    0x00,
    0x00,
    0x00,
    0x00,
    0x3C,
    0x42,
    0x40,
    0x30,
    0x0C,
    0x02,
    0x42,
    0x3C,
    0x00,
    0x00,
    0x00,
    0x00,

    // Glyph 116
    0x00,
    0x00,
    0x00,
    0x10,
    0x10,
    0x10,
    0x10,
    0x7C,
    0x10,
    0x10,
    0x10,
    0x10,
    0x10,
    0x0E,
    0x00,
    0x00,
    0x00,
    0x00,

    // Glyph 117
    0x00,
    0x00,
    0x00,
    0x00,
    0x00,
    0x00,
    0x42,
    0x42,
    0x42,
    0x42,
    0x42,
    0x42,
    0x46,
    0x3A,
    0x00,
    0x00,
    0x00,
    0x00,

    // Glyph 118
    0x00,
    0x00,
    0x00,
    0x00,
    0x00,
    0x00,
    0x41,
    0x41,
    0x41,
    0x22,
    0x22,
    0x14,
    0x14,
    0x08,
    0x00,
    0x00,
    0x00,
    0x00,

    // Glyph 119
    0x00,
    0x00,
    0x00,
    0x00,
    0x00,
    0x00,
    0x41,
    0x41,
    0x49,
    0x49,
    0x49,
    0x49,
    0x49,
    0x36,
    0x00,
    0x00,
    0x00,
    0x00,

    // Glyph 120
    0x00,
    0x00,
    0x00,
    0x00,
    0x00,
    0x00,
    0x42,
    0x42,
    0x24,
    0x18,
    0x18,
    0x24,
    0x42,
    0x42,
    0x00,
    0x00,
    0x00,
    0x00,

    // Glyph 121
    0x00,
    0x00,
    0x00,
    0x00,
    0x00,
    0x00,
    0x42,
    0x42,
    0x42,
    0x42,
    0x42,
    0x46,
    0x3A,
    0x02,
    0x02,
    0x42,
    0x3C,
    0x00,

    // Glyph 122
    0x00,
    0x00,
    0x00,
    0x00,
    0x00,
    0x00,
    0x7E,
    0x02,
    0x04,
    0x08,
    0x10,
    0x20,
    0x40,
    0x7E,
    0x00,
    0x00,
    0x00,
    0x00,

    // Glyph 123
    0x00,
    0x00,
    0x00,
    0x06,
    0x08,
    0x08,
    0x08,
    0x08,
    0x30,
    0x08,
    0x08,
    0x08,
    0x08,
    0x08,
    0x06,
    0x00,
    0x00,
    0x00,

    // Glyph 124
    0x00,
    0x00,
    0x00,
    0x08,
    0x08,
    0x08,
    0x08,
    0x08,
    0x08,
    0x08,
    0x08,
    0x08,
    0x08,
    0x08,
    0x08,
    0x00,
    0x00,
    0x00,

    // Glyph 125
    0x00,
    0x00,
    0x00,
    0x30,
    0x08,
    0x08,
    0x08,
    0x08,
    0x06,
    0x08,
    0x08,
    0x08,
    0x08,
    0x08,
    0x30,
    0x00,
    0x00,
    0x00,

    // Glyph 126
    0x00,
    0x00,
    0x31,
    0x49,
    0x46,
    0x00,
    0x00,
    0x00,
    0x00,
    0x00,
    0x00,
    0x00,
    0x00,
    0x00,
    0x00,
    0x00,
    0x00,
    0x00,

    // Glyph 127
    0x00,
    0x00,
    0x00,
    0x00,
    0x00,
    0x00,
    0x00,
    0x18,
    0x3C,
    0x3C,
    0x18,
    0x00,
    0x00,
    0x00,
    0x00,
    0x00,
    0x00,
    0x00,

    // Glyph 128
    0x30,
    0x0C,
    0x00,
    0x00,
    0x18,
    0x24,
    0x24,
    0x42,
    0x42,
    0x7E,
    0x42,
    0x42,
    0x42,
    0x42,
    0x00,
    0x00,
    0x00,
    0x00,

    // Glyph 129
    0x0C,
    0x30,
    0x00,
    0x00,
    0x18,
    0x24,
    0x24,
    0x42,
    0x42,
    0x7E,
    0x42,
    0x42,
    0x42,
    0x42,
    0x00,
    0x00,
    0x00,
    0x00,

    // Glyph 130
    0x18,
    0x24,
    0x00,
    0x00,
    0x18,
    0x24,
    0x24,
    0x42,
    0x42,
    0x7E,
    0x42,
    0x42,
    0x42,
    0x42,
    0x00,
    0x00,
    0x00,
    0x00,

    // Glyph 131
    0x32,
    0x4C,
    0x00,
    0x00,
    0x18,
    0x24,
    0x24,
    0x42,
    0x42,
    0x7E,
    0x42,
    0x42,
    0x42,
    0x42,
    0x00,
    0x00,
    0x00,
    0x00,

    // Glyph 132
    0x24,
    0x24,
    0x00,
    0x00,
    0x18,
    0x24,
    0x24,
    0x42,
    0x42,
    0x7E,
    0x42,
    0x42,
    0x42,
    0x42,
    0x00,
    0x00,
    0x00,
    0x00,

    // Glyph 133
    0x18,
    0x24,
    0x24,
    0x18,
    0x18,
    0x24,
    0x24,
    0x42,
    0x42,
    0x7E,
    0x42,
    0x42,
    0x42,
    0x42,
    0x00,
    0x00,
    0x00,
    0x00,

    // Glyph 134
    0x00,
    0x00,
    0x00,
    0x00,
    0x1F,
    0x28,
    0x48,
    0x48,
    0x7E,
    0x48,
    0x48,
    0x48,
    0x48,
    0x4F,
    0x00,
    0x00,
    0x00,
    0x00,

    // Glyph 135
    0x00,
    0x00,
    0x00,
    0x00,
    0x3C,
    0x42,
    0x42,
    0x40,
    0x40,
    0x40,
    0x40,
    0x42,
    0x42,
    0x3C,
    0x08,
    0x08,
    0x30,
    0x00,

    // Glyph 136
    0x30,
    0x0C,
    0x00,
    0x00,
    0x7E,
    0x40,
    0x40,
    0x40,
    0x7C,
    0x40,
    0x40,
    0x40,
    0x40,
    0x7E,
    0x00,
    0x00,
    0x00,
    0x00,

    // Glyph 137
    0x0C,
    0x30,
    0x00,
    0x00,
    0x7E,
    0x40,
    0x40,
    0x40,
    0x7C,
    0x40,
    0x40,
    0x40,
    0x40,
    0x7E,
    0x00,
    0x00,
    0x00,
    0x00,

    // Glyph 138
    0x18,
    0x24,
    0x00,
    0x00,
    0x7E,
    0x40,
    0x40,
    0x40,
    0x7C,
    0x40,
    0x40,
    0x40,
    0x40,
    0x7E,
    0x00,
    0x00,
    0x00,
    0x00,

    // Glyph 139
    0x24,
    0x24,
    0x00,
    0x00,
    0x7E,
    0x40,
    0x40,
    0x40,
    0x7C,
    0x40,
    0x40,
    0x40,
    0x40,
    0x7E,
    0x00,
    0x00,
    0x00,
    0x00,

    // Glyph 140
    0x30,
    0x0C,
    0x00,
    0x00,
    0x3E,
    0x08,
    0x08,
    0x08,
    0x08,
    0x08,
    0x08,
    0x08,
    0x08,
    0x3E,
    0x00,
    0x00,
    0x00,
    0x00,

    // Glyph 141
    0x06,
    0x18,
    0x00,
    0x00,
    0x3E,
    0x08,
    0x08,
    0x08,
    0x08,
    0x08,
    0x08,
    0x08,
    0x08,
    0x3E,
    0x00,
    0x00,
    0x00,
    0x00,

    // Glyph 142
    0x18,
    0x24,
    0x00,
    0x00,
    0x3E,
    0x08,
    0x08,
    0x08,
    0x08,
    0x08,
    0x08,
    0x08,
    0x08,
    0x3E,
    0x00,
    0x00,
    0x00,
    0x00,

    // Glyph 143
    0x22,
    0x22,
    0x00,
    0x00,
    0x3E,
    0x08,
    0x08,
    0x08,
    0x08,
    0x08,
    0x08,
    0x08,
    0x08,
    0x3E,
    0x00,
    0x00,
    0x00,
    0x00,

    // Glyph 144
    0x00,
    0x00,
    0x00,
    0x00,
    0x78,
    0x44,
    0x42,
    0x42,
    0xF2,
    0x42,
    0x42,
    0x42,
    0x44,
    0x78,
    0x00,
    0x00,
    0x00,
    0x00,

    // Glyph 145
    0x32,
    0x4C,
    0x00,
    0x00,
    0x42,
    0x62,
    0x62,
    0x52,
    0x52,
    0x4A,
    0x4A,
    0x46,
    0x46,
    0x42,
    0x00,
    0x00,
    0x00,
    0x00,

    // Glyph 146
    0x30,
    0x0C,
    0x00,
    0x00,
    0x3C,
    0x42,
    0x42,
    0x42,
    0x42,
    0x42,
    0x42,
    0x42,
    0x42,
    0x3C,
    0x00,
    0x00,
    0x00,
    0x00,

    // Glyph 147
    0x0C,
    0x30,
    0x00,
    0x00,
    0x3C,
    0x42,
    0x42,
    0x42,
    0x42,
    0x42,
    0x42,
    0x42,
    0x42,
    0x3C,
    0x00,
    0x00,
    0x00,
    0x00,

    // Glyph 148
    0x18,
    0x24,
    0x00,
    0x00,
    0x3C,
    0x42,
    0x42,
    0x42,
    0x42,
    0x42,
    0x42,
    0x42,
    0x42,
    0x3C,
    0x00,
    0x00,
    0x00,
    0x00,

    // Glyph 149
    0x32,
    0x4C,
    0x00,
    0x00,
    0x3C,
    0x42,
    0x42,
    0x42,
    0x42,
    0x42,
    0x42,
    0x42,
    0x42,
    0x3C,
    0x00,
    0x00,
    0x00,
    0x00,

    // Glyph 150
    0x24,
    0x24,
    0x00,
    0x00,
    0x3C,
    0x42,
    0x42,
    0x42,
    0x42,
    0x42,
    0x42,
    0x42,
    0x42,
    0x3C,
    0x00,
    0x00,
    0x00,
    0x00,

    // Glyph 151
    0x00,
    0x00,
    0x00,
    0x00,
    0x00,
    0x00,
    0x00,
    0x22,
    0x14,
    0x08,
    0x14,
    0x22,
    0x00,
    0x00,
    0x00,
    0x00,
    0x00,
    0x00,

    // Glyph 152
    0x00,
    0x00,
    0x00,
    0x02,
    0x3A,
    0x44,
    0x46,
    0x4A,
    0x4A,
    0x52,
    0x52,
    0x62,
    0x22,
    0x5C,
    0x40,
    0x00,
    0x00,
    0x00,

    // Glyph 153
    0x30,
    0x0C,
    0x00,
    0x00,
    0x42,
    0x42,
    0x42,
    0x42,
    0x42,
    0x42,
    0x42,
    0x42,
    0x42,
    0x3C,
    0x00,
    0x00,
    0x00,
    0x00,

    // Glyph 154
    0x0C,
    0x30,
    0x00,
    0x00,
    0x42,
    0x42,
    0x42,
    0x42,
    0x42,
    0x42,
    0x42,
    0x42,
    0x42,
    0x3C,
    0x00,
    0x00,
    0x00,
    0x00,

    // Glyph 155
    0x18,
    0x24,
    0x00,
    0x00,
    0x42,
    0x42,
    0x42,
    0x42,
    0x42,
    0x42,
    0x42,
    0x42,
    0x42,
    0x3C,
    0x00,
    0x00,
    0x00,
    0x00,

    // Glyph 156
    0x24,
    0x24,
    0x00,
    0x00,
    0x42,
    0x42,
    0x42,
    0x42,
    0x42,
    0x42,
    0x42,
    0x42,
    0x42,
    0x3C,
    0x00,
    0x00,
    0x00,
    0x00,

    // Glyph 157
    0x06,
    0x18,
    0x00,
    0x00,
    0x41,
    0x41,
    0x22,
    0x22,
    0x14,
    0x08,
    0x08,
    0x08,
    0x08,
    0x08,
    0x00,
    0x00,
    0x00,
    0x00,

    // Glyph 158
    0x00,
    0x00,
    0x00,
    0x00,
    0x40,
    0x40,
    0x7C,
    0x42,
    0x42,
    0x42,
    0x42,
    0x7C,
    0x40,
    0x40,
    0x00,
    0x00,
    0x00,
    0x00,

    // Glyph 159
    0x00,
    0x00,
    0x00,
    0x00,
    0x38,
    0x44,
    0x4C,
    0x50,
    0x50,
    0x4C,
    0x42,
    0x42,
    0x52,
    0x4C,
    0x00,
    0x00,
    0x00,
    0x00,

    // Glyph 160
    0xAA,
    0x55,
    0xAA,
    0x55,
    0xAA,
    0x55,
    0xAA,
    0x55,
    0xAA,
    0x55,
    0xAA,
    0x55,
    0xAA,
    0x55,
    0xAA,
    0x55,
    0xAA,
    0x55,

    // Glyph 161
    0x00,
    0x00,
    0x00,
    0x00,
    0x08,
    0x08,
    0x00,
    0x08,
    0x08,
    0x08,
    0x08,
    0x08,
    0x08,
    0x08,
    0x00,
    0x00,
    0x00,
    0x00,

    // Glyph 162
    0x00,
    0x00,
    0x00,
    0x00,
    0x08,
    0x08,
    0x3E,
    0x49,
    0x48,
    0x48,
    0x48,
    0x48,
    0x49,
    0x3E,
    0x08,
    0x08,
    0x00,
    0x00,

    // Glyph 163
    0x00,
    0x00,
    0x00,
    0x00,
    0x1C,
    0x20,
    0x20,
    0x20,
    0x78,
    0x20,
    0x20,
    0x20,
    0x22,
    0x7E,
    0x00,
    0x00,
    0x00,
    0x00,

    // Glyph 164
    0x00,
    0x00,
    0x00,
    0x00,
    0x00,
    0x0E,
    0x11,
    0x20,
    0x7E,
    0x20,
    0x7C,
    0x20,
    0x11,
    0x0E,
    0x00,
    0x00,
    0x00,
    0x00,

    // Glyph 165
    0x00,
    0x00,
    0x00,
    0x00,
    0x41,
    0x41,
    0x22,
    0x14,
    0x08,
    0x3E,
    0x08,
    0x3E,
    0x08,
    0x08,
    0x00,
    0x00,
    0x00,
    0x00,

    // Glyph 166
    0x24,
    0x18,
    0x00,
    0x00,
    0x3C,
    0x42,
    0x42,
    0x40,
    0x30,
    0x0C,
    0x02,
    0x42,
    0x42,
    0x3C,
    0x00,
    0x00,
    0x00,
    0x00,

    // Glyph 167
    0x00,
    0x00,
    0x00,
    0x1C,
    0x22,
    0x20,
    0x18,
    0x24,
    0x22,
    0x22,
    0x12,
    0x0C,
    0x02,
    0x22,
    0x1C,
    0x00,
    0x00,
    0x00,

    // Glyph 168
    0x00,
    0x00,
    0x24,
    0x18,
    0x00,
    0x00,
    0x3C,
    0x42,
    0x40,
    0x30,
    0x0C,
    0x02,
    0x42,
    0x3C,
    0x00,
    0x00,
    0x00,
    0x00,

    // Glyph 169
    0x00,
    0x00,
    0x00,
    0x00,
    0x3C,
    0x42,
    0x99,
    0xA5,
    0xA1,
    0xA1,
    0xA5,
    0x99,
    0x42,
    0x3C,
    0x00,
    0x00,
    0x00,
    0x00,

    // Glyph 170
    0x00,
    0x00,
    0x00,
    0x38,
    0x04,
    0x3C,
    0x44,
    0x3C,
    0x00,
    0x7C,
    0x00,
    0x00,
    0x00,
    0x00,
    0x00,
    0x00,
    0x00,
    0x00,

    // Glyph 171
    0x00,
    0x00,
    0x00,
    0x00,
    0x00,
    0x00,
    0x00,
    0x12,
    0x24,
    0x48,
    0x24,
    0x12,
    0x00,
    0x00,
    0x00,
    0x00,
    0x00,
    0x00,

    // Glyph 172
    0x00,
    0x00,
    0x00,
    0x00,
    0x00,
    0x00,
    0x00,
    0x00,
    0x00,
    0x7E,
    0x02,
    0x02,
    0x02,
    0x00,
    0x00,
    0x00,
    0x00,
    0x00,

    // Glyph 173
    0x00,
    0x00,
    0x00,
    0x00,
    0x00,
    0x00,
    0x22,
    0x1C,
    0x22,
    0x22,
    0x22,
    0x1C,
    0x22,
    0x00,
    0x00,
    0x00,
    0x00,
    0x00,

    // Glyph 174
    0x00,
    0x00,
    0x00,
    0x00,
    0x3C,
    0x42,
    0xB9,
    0xA5,
    0xA5,
    0xB9,
    0xA9,
    0xA5,
    0x42,
    0x3C,
    0x00,
    0x00,
    0x00,
    0x00,

    // Glyph 175
    0x00,
    0x00,
    0x3C,
    0x00,
    0x00,
    0x00,
    0x00,
    0x00,
    0x00,
    0x00,
    0x00,
    0x00,
    0x00,
    0x00,
    0x00,
    0x00,
    0x00,
    0x00,

    // Glyph 176
    0x00,
    0x00,
    0x00,
    0x18,
    0x24,
    0x24,
    0x18,
    0x00,
    0x00,
    0x00,
    0x00,
    0x00,
    0x00,
    0x00,
    0x00,
    0x00,
    0x00,
    0x00,

    // Glyph 177
    0x00,
    0x00,
    0x00,
    0x00,
    0x08,
    0x08,
    0x08,
    0x7F,
    0x08,
    0x08,
    0x08,
    0x00,
    0x7F,
    0x00,
    0x00,
    0x00,
    0x00,
    0x00,

    // Glyph 178
    0x00,
    0x00,
    0x00,
    0x38,
    0x44,
    0x04,
    0x18,
    0x20,
    0x40,
    0x7C,
    0x00,
    0x00,
    0x00,
    0x00,
    0x00,
    0x00,
    0x00,
    0x00,

    // Glyph 179
    0x00,
    0x00,
    0x00,
    0x38,
    0x44,
    0x04,
    0x38,
    0x04,
    0x44,
    0x38,
    0x00,
    0x00,
    0x00,
    0x00,
    0x00,
    0x00,
    0x00,
    0x00,

    // Glyph 180
    0x24,
    0x18,
    0x00,
    0x00,
    0x7E,
    0x02,
    0x02,
    0x04,
    0x08,
    0x10,
    0x20,
    0x40,
    0x40,
    0x7E,
    0x00,
    0x00,
    0x00,
    0x00,

    // Glyph 181
    0x00,
    0x00,
    0x00,
    0x00,
    0x00,
    0x00,
    0x42,
    0x42,
    0x42,
    0x42,
    0x42,
    0x42,
    0x66,
    0x5A,
    0x40,
    0x40,
    0x40,
    0x00,

    // Glyph 182
    0x00,
    0x00,
    0x00,
    0x00,
    0x3E,
    0x7A,
    0x7A,
    0x7A,
    0x7A,
    0x3A,
    0x0A,
    0x0A,
    0x0A,
    0x0A,
    0x00,
    0x00,
    0x00,
    0x00,

    // Glyph 183
    0x00,
    0x00,
    0x00,
    0x00,
    0x00,
    0x00,
    0x00,
    0x00,
    0x08,
    0x08,
    0x00,
    0x00,
    0x00,
    0x00,
    0x00,
    0x00,
    0x00,
    0x00,

    // Glyph 184
    0x00,
    0x00,
    0x24,
    0x18,
    0x00,
    0x00,
    0x7E,
    0x02,
    0x04,
    0x08,
    0x10,
    0x20,
    0x40,
    0x7E,
    0x00,
    0x00,
    0x00,
    0x00,

    // Glyph 185
    0x00,
    0x00,
    0x00,
    0x10,
    0x30,
    0x50,
    0x10,
    0x10,
    0x10,
    0x7C,
    0x00,
    0x00,
    0x00,
    0x00,
    0x00,
    0x00,
    0x00,
    0x00,

    // Glyph 186
    0x00,
    0x00,
    0x00,
    0x38,
    0x44,
    0x44,
    0x44,
    0x38,
    0x00,
    0x7C,
    0x00,
    0x00,
    0x00,
    0x00,
    0x00,
    0x00,
    0x00,
    0x00,

    // Glyph 187
    0x00,
    0x00,
    0x00,
    0x00,
    0x00,
    0x00,
    0x00,
    0x48,
    0x24,
    0x12,
    0x24,
    0x48,
    0x00,
    0x00,
    0x00,
    0x00,
    0x00,
    0x00,

    // Glyph 188
    0x00,
    0x00,
    0x00,
    0x00,
    0x37,
    0x48,
    0x48,
    0x48,
    0x4E,
    0x48,
    0x48,
    0x48,
    0x48,
    0x37,
    0x00,
    0x00,
    0x00,
    0x00,

    // Glyph 189
    0x00,
    0x00,
    0x00,
    0x00,
    0x00,
    0x00,
    0x36,
    0x49,
    0x49,
    0x4F,
    0x48,
    0x48,
    0x49,
    0x36,
    0x00,
    0x00,
    0x00,
    0x00,

    // Glyph 190
    0x22,
    0x22,
    0x00,
    0x00,
    0x41,
    0x41,
    0x22,
    0x22,
    0x14,
    0x08,
    0x08,
    0x08,
    0x08,
    0x08,
    0x00,
    0x00,
    0x00,
    0x00,

    // Glyph 191
    0x00,
    0x00,
    0x00,
    0x00,
    0x10,
    0x10,
    0x00,
    0x10,
    0x10,
    0x20,
    0x40,
    0x42,
    0x42,
    0x3C,
    0x00,
    0x00,
    0x00,
    0x00,

    // Glyph 192
    0x00,
    0x00,
    0x00,
    0x00,
    0x00,
    0x00,
    0x00,
    0x00,
    0x00,
    0xFF,
    0x00,
    0x00,
    0x00,
    0x00,
    0x00,
    0x00,
    0x00,
    0x00,

    // Glyph 193
    0x08,
    0x08,
    0x08,
    0x08,
    0x08,
    0x08,
    0x08,
    0x08,
    0x08,
    0x08,
    0x08,
    0x08,
    0x08,
    0x08,
    0x08,
    0x08,
    0x08,
    0x08,

    // Glyph 194
    0x00,
    0x00,
    0x00,
    0x00,
    0x00,
    0x00,
    0x00,
    0x00,
    0x00,
    0x0F,
    0x08,
    0x08,
    0x08,
    0x08,
    0x08,
    0x08,
    0x08,
    0x08,

    // Glyph 195
    0x00,
    0x00,
    0x00,
    0x00,
    0x00,
    0x00,
    0x00,
    0x00,
    0x00,
    0xF8,
    0x08,
    0x08,
    0x08,
    0x08,
    0x08,
    0x08,
    0x08,
    0x08,

    // Glyph 196
    0x08,
    0x08,
    0x08,
    0x08,
    0x08,
    0x08,
    0x08,
    0x08,
    0x08,
    0x0F,
    0x00,
    0x00,
    0x00,
    0x00,
    0x00,
    0x00,
    0x00,
    0x00,

    // Glyph 197
    0x08,
    0x08,
    0x08,
    0x08,
    0x08,
    0x08,
    0x08,
    0x08,
    0x08,
    0xF8,
    0x00,
    0x00,
    0x00,
    0x00,
    0x00,
    0x00,
    0x00,
    0x00,

    // Glyph 198
    0x08,
    0x08,
    0x08,
    0x08,
    0x08,
    0x08,
    0x08,
    0x08,
    0x08,
    0x0F,
    0x08,
    0x08,
    0x08,
    0x08,
    0x08,
    0x08,
    0x08,
    0x08,

    // Glyph 199
    0x08,
    0x08,
    0x08,
    0x08,
    0x08,
    0x08,
    0x08,
    0x08,
    0x08,
    0xF8,
    0x08,
    0x08,
    0x08,
    0x08,
    0x08,
    0x08,
    0x08,
    0x08,

    // Glyph 200
    0x00,
    0x00,
    0x00,
    0x00,
    0x00,
    0x00,
    0x00,
    0x00,
    0x00,
    0xFF,
    0x08,
    0x08,
    0x08,
    0x08,
    0x08,
    0x08,
    0x08,
    0x08,

    // Glyph 201
    0x08,
    0x08,
    0x08,
    0x08,
    0x08,
    0x08,
    0x08,
    0x08,
    0x08,
    0xFF,
    0x00,
    0x00,
    0x00,
    0x00,
    0x00,
    0x00,
    0x00,
    0x00,

    // Glyph 202
    0x08,
    0x08,
    0x08,
    0x08,
    0x08,
    0x08,
    0x08,
    0x08,
    0x08,
    0xFF,
    0x08,
    0x08,
    0x08,
    0x08,
    0x08,
    0x08,
    0x08,
    0x08,

    // Glyph 203
    0x88,
    0x22,
    0x88,
    0x22,
    0x88,
    0x22,
    0x88,
    0x22,
    0x88,
    0x22,
    0x88,
    0x22,
    0x88,
    0x22,
    0x88,
    0x22,
    0x88,
    0x22,

    // Glyph 204
    0xFF,
    0x00,
    0x00,
    0x00,
    0x00,
    0x00,
    0x00,
    0x00,
    0x00,
    0x00,
    0x00,
    0x00,
    0x00,
    0x00,
    0x00,
    0x00,
    0x00,
    0x00,

    // Glyph 205
    0x00,
    0x00,
    0x00,
    0x00,
    0xFF,
    0x00,
    0x00,
    0x00,
    0x00,
    0x00,
    0x00,
    0x00,
    0x00,
    0x00,
    0x00,
    0x00,
    0x00,
    0x00,

    // Glyph 206
    0x00,
    0x00,
    0x00,
    0x00,
    0x00,
    0x00,
    0x00,
    0x00,
    0x00,
    0x00,
    0x00,
    0x00,
    0x00,
    0xFF,
    0x00,
    0x00,
    0x00,
    0x00,

    // Glyph 207
    0x00,
    0x00,
    0x00,
    0x00,
    0x00,
    0x00,
    0x00,
    0x00,
    0x00,
    0x00,
    0x00,
    0x00,
    0x00,
    0x00,
    0x00,
    0x00,
    0x00,
    0xFF,

    // Glyph 208
    0x00,
    0x00,
    0x00,
    0x00,
    0x00,
    0x00,
    0x00,
    0x00,
    0xFF,
    0x00,
    0xFF,
    0x00,
    0x00,
    0x00,
    0x00,
    0x00,
    0x00,
    0x00,

    // Glyph 209
    0x14,
    0x14,
    0x14,
    0x14,
    0x14,
    0x14,
    0x14,
    0x14,
    0x14,
    0x14,
    0x14,
    0x14,
    0x14,
    0x14,
    0x14,
    0x14,
    0x14,
    0x14,

    // Glyph 210
    0x00,
    0x00,
    0x00,
    0x00,
    0x00,
    0x00,
    0x00,
    0x00,
    0x1F,
    0x10,
    0x17,
    0x14,
    0x14,
    0x14,
    0x14,
    0x14,
    0x14,
    0x14,

    // Glyph 211
    0x00,
    0x00,
    0x00,
    0x00,
    0x00,
    0x00,
    0x00,
    0x00,
    0xFC,
    0x04,
    0xF4,
    0x14,
    0x14,
    0x14,
    0x14,
    0x14,
    0x14,
    0x14,

    // Glyph 212
    0x14,
    0x14,
    0x14,
    0x14,
    0x14,
    0x14,
    0x14,
    0x14,
    0x17,
    0x10,
    0x1F,
    0x00,
    0x00,
    0x00,
    0x00,
    0x00,
    0x00,
    0x00,

    // Glyph 213
    0x14,
    0x14,
    0x14,
    0x14,
    0x14,
    0x14,
    0x14,
    0x14,
    0xF4,
    0x04,
    0xFC,
    0x00,
    0x00,
    0x00,
    0x00,
    0x00,
    0x00,
    0x00,

    // Glyph 214
    0x14,
    0x14,
    0x14,
    0x14,
    0x14,
    0x14,
    0x14,
    0x14,
    0x17,
    0x10,
    0x17,
    0x14,
    0x14,
    0x14,
    0x14,
    0x14,
    0x14,
    0x14,

    // Glyph 215
    0x14,
    0x14,
    0x14,
    0x14,
    0x14,
    0x14,
    0x14,
    0x14,
    0xF4,
    0x04,
    0xF4,
    0x14,
    0x14,
    0x14,
    0x14,
    0x14,
    0x14,
    0x14,

    // Glyph 216
    0x00,
    0x00,
    0x00,
    0x00,
    0x00,
    0x00,
    0x00,
    0x00,
    0xFF,
    0x00,
    0xF7,
    0x14,
    0x14,
    0x14,
    0x14,
    0x14,
    0x14,
    0x14,

    // Glyph 217
    0x14,
    0x14,
    0x14,
    0x14,
    0x14,
    0x14,
    0x14,
    0x14,
    0xF7,
    0x00,
    0xFF,
    0x00,
    0x00,
    0x00,
    0x00,
    0x00,
    0x00,
    0x00,

    // Glyph 218
    0x14,
    0x14,
    0x14,
    0x14,
    0x14,
    0x14,
    0x14,
    0x14,
    0xF7,
    0x00,
    0xF7,
    0x14,
    0x14,
    0x14,
    0x14,
    0x14,
    0x14,
    0x14,

    // Glyph 219
    0xFF,
    0xFF,
    0xFF,
    0xFF,
    0xFF,
    0xFF,
    0xFF,
    0xFF,
    0xFF,
    0xFF,
    0xFF,
    0xFF,
    0xFF,
    0xFF,
    0xFF,
    0xFF,
    0xFF,
    0xFF,

    // Glyph 220
    0x00,
    0x00,
    0x00,
    0x00,
    0x00,
    0x00,
    0x08,
    0x1C,
    0x2A,
    0x08,
    0x08,
    0x08,
    0x08,
    0x00,
    0x00,
    0x00,
    0x00,
    0x00,

    // Glyph 221
    0x00,
    0x00,
    0x00,
    0x00,
    0x00,
    0x00,
    0x08,
    0x08,
    0x08,
    0x08,
    0x2A,
    0x1C,
    0x08,
    0x00,
    0x00,
    0x00,
    0x00,
    0x00,

    // Glyph 222
    0x00,
    0x00,
    0x00,
    0x00,
    0x00,
    0x00,
    0x00,
    0x10,
    0x20,
    0x7F,
    0x20,
    0x10,
    0x00,
    0x00,
    0x00,
    0x00,
    0x00,
    0x00,

    // Glyph 223
    0x00,
    0x00,
    0x00,
    0x00,
    0x00,
    0x00,
    0x00,
    0x08,
    0x04,
    0xFE,
    0x04,
    0x08,
    0x00,
    0x00,
    0x00,
    0x00,
    0x00,
    0x00,

    // Glyph 224
    0x00,
    0x00,
    0x30,
    0x0C,
    0x00,
    0x00,
    0x3C,
    0x42,
    0x02,
    0x3E,
    0x42,
    0x42,
    0x46,
    0x3A,
    0x00,
    0x00,
    0x00,
    0x00,

    // Glyph 225
    0x00,
    0x00,
    0x0C,
    0x30,
    0x00,
    0x00,
    0x3C,
    0x42,
    0x02,
    0x3E,
    0x42,
    0x42,
    0x46,
    0x3A,
    0x00,
    0x00,
    0x00,
    0x00,

    // Glyph 226
    0x00,
    0x00,
    0x18,
    0x24,
    0x00,
    0x00,
    0x3C,
    0x42,
    0x02,
    0x3E,
    0x42,
    0x42,
    0x46,
    0x3A,
    0x00,
    0x00,
    0x00,
    0x00,

    // Glyph 227
    0x00,
    0x00,
    0x32,
    0x4C,
    0x00,
    0x00,
    0x3C,
    0x42,
    0x02,
    0x3E,
    0x42,
    0x42,
    0x46,
    0x3A,
    0x00,
    0x00,
    0x00,
    0x00,

    // Glyph 228
    0x00,
    0x00,
    0x24,
    0x24,
    0x00,
    0x00,
    0x3C,
    0x42,
    0x02,
    0x3E,
    0x42,
    0x42,
    0x46,
    0x3A,
    0x00,
    0x00,
    0x00,
    0x00,

    // Glyph 229
    0x00,
    0x18,
    0x24,
    0x24,
    0x18,
    0x00,
    0x3C,
    0x42,
    0x02,
    0x3E,
    0x42,
    0x42,
    0x46,
    0x3A,
    0x00,
    0x00,
    0x00,
    0x00,

    // Glyph 230
    0x00,
    0x00,
    0x00,
    0x00,
    0x00,
    0x00,
    0x36,
    0x49,
    0x09,
    0x3F,
    0x48,
    0x48,
    0x49,
    0x36,
    0x00,
    0x00,
    0x00,
    0x00,

    // Glyph 231
    0x00,
    0x00,
    0x00,
    0x00,
    0x00,
    0x00,
    0x3C,
    0x42,
    0x40,
    0x40,
    0x40,
    0x40,
    0x42,
    0x3C,
    0x08,
    0x08,
    0x30,
    0x00,

    // Glyph 232
    0x00,
    0x00,
    0x30,
    0x0C,
    0x00,
    0x00,
    0x3C,
    0x42,
    0x42,
    0x7E,
    0x40,
    0x40,
    0x42,
    0x3C,
    0x00,
    0x00,
    0x00,
    0x00,

    // Glyph 233
    0x00,
    0x00,
    0x0C,
    0x30,
    0x00,
    0x00,
    0x3C,
    0x42,
    0x42,
    0x7E,
    0x40,
    0x40,
    0x42,
    0x3C,
    0x00,
    0x00,
    0x00,
    0x00,

    // Glyph 234
    0x00,
    0x00,
    0x18,
    0x24,
    0x00,
    0x00,
    0x3C,
    0x42,
    0x42,
    0x7E,
    0x40,
    0x40,
    0x42,
    0x3C,
    0x00,
    0x00,
    0x00,
    0x00,

    // Glyph 235
    0x00,
    0x00,
    0x24,
    0x24,
    0x00,
    0x00,
    0x3C,
    0x42,
    0x42,
    0x7E,
    0x40,
    0x40,
    0x42,
    0x3C,
    0x00,
    0x00,
    0x00,
    0x00,

    // Glyph 236
    0x00,
    0x00,
    0x30,
    0x0C,
    0x00,
    0x00,
    0x18,
    0x08,
    0x08,
    0x08,
    0x08,
    0x08,
    0x08,
    0x3E,
    0x00,
    0x00,
    0x00,
    0x00,

    // Glyph 237
    0x00,
    0x00,
    0x0C,
    0x30,
    0x00,
    0x00,
    0x18,
    0x08,
    0x08,
    0x08,
    0x08,
    0x08,
    0x08,
    0x3E,
    0x00,
    0x00,
    0x00,
    0x00,

    // Glyph 238
    0x00,
    0x00,
    0x18,
    0x24,
    0x00,
    0x00,
    0x18,
    0x08,
    0x08,
    0x08,
    0x08,
    0x08,
    0x08,
    0x3E,
    0x00,
    0x00,
    0x00,
    0x00,

    // Glyph 239
    0x00,
    0x00,
    0x24,
    0x24,
    0x00,
    0x00,
    0x18,
    0x08,
    0x08,
    0x08,
    0x08,
    0x08,
    0x08,
    0x3E,
    0x00,
    0x00,
    0x00,
    0x00,

    // Glyph 240
    0x00,
    0x00,
    0x00,
    0x66,
    0x18,
    0x64,
    0x02,
    0x3A,
    0x46,
    0x42,
    0x42,
    0x42,
    0x42,
    0x3C,
    0x00,
    0x00,
    0x00,
    0x00,

    // Glyph 241
    0x00,
    0x00,
    0x32,
    0x4C,
    0x00,
    0x00,
    0x5C,
    0x62,
    0x42,
    0x42,
    0x42,
    0x42,
    0x42,
    0x42,
    0x00,
    0x00,
    0x00,
    0x00,

    // Glyph 242
    0x00,
    0x00,
    0x30,
    0x0C,
    0x00,
    0x00,
    0x3C,
    0x42,
    0x42,
    0x42,
    0x42,
    0x42,
    0x42,
    0x3C,
    0x00,
    0x00,
    0x00,
    0x00,

    // Glyph 243
    0x00,
    0x00,
    0x0C,
    0x30,
    0x00,
    0x00,
    0x3C,
    0x42,
    0x42,
    0x42,
    0x42,
    0x42,
    0x42,
    0x3C,
    0x00,
    0x00,
    0x00,
    0x00,

    // Glyph 244
    0x00,
    0x00,
    0x18,
    0x24,
    0x00,
    0x00,
    0x3C,
    0x42,
    0x42,
    0x42,
    0x42,
    0x42,
    0x42,
    0x3C,
    0x00,
    0x00,
    0x00,
    0x00,

    // Glyph 245
    0x00,
    0x00,
    0x32,
    0x4C,
    0x00,
    0x00,
    0x3C,
    0x42,
    0x42,
    0x42,
    0x42,
    0x42,
    0x42,
    0x3C,
    0x00,
    0x00,
    0x00,
    0x00,

    // Glyph 246
    0x00,
    0x00,
    0x24,
    0x24,
    0x00,
    0x00,
    0x3C,
    0x42,
    0x42,
    0x42,
    0x42,
    0x42,
    0x42,
    0x3C,
    0x00,
    0x00,
    0x00,
    0x00,

    // Glyph 247
    0x00,
    0x00,
    0x00,
    0x00,
    0x00,
    0x10,
    0x10,
    0x00,
    0x00,
    0x7C,
    0x00,
    0x00,
    0x10,
    0x10,
    0x00,
    0x00,
    0x00,
    0x00,

    // Glyph 248
    0x00,
    0x00,
    0x00,
    0x00,
    0x00,
    0x02,
    0x3C,
    0x46,
    0x4A,
    0x4A,
    0x52,
    0x52,
    0x62,
    0x3C,
    0x40,
    0x00,
    0x00,
    0x00,

    // Glyph 249
    0x00,
    0x00,
    0x30,
    0x0C,
    0x00,
    0x00,
    0x42,
    0x42,
    0x42,
    0x42,
    0x42,
    0x42,
    0x46,
    0x3A,
    0x00,
    0x00,
    0x00,
    0x00,

    // Glyph 250
    0x00,
    0x00,
    0x0C,
    0x30,
    0x00,
    0x00,
    0x42,
    0x42,
    0x42,
    0x42,
    0x42,
    0x42,
    0x46,
    0x3A,
    0x00,
    0x00,
    0x00,
    0x00,

    // Glyph 251
    0x00,
    0x00,
    0x18,
    0x24,
    0x00,
    0x00,
    0x42,
    0x42,
    0x42,
    0x42,
    0x42,
    0x42,
    0x46,
    0x3A,
    0x00,
    0x00,
    0x00,
    0x00,

    // Glyph 252
    0x00,
    0x00,
    0x24,
    0x24,
    0x00,
    0x00,
    0x42,
    0x42,
    0x42,
    0x42,
    0x42,
    0x42,
    0x46,
    0x3A,
    0x00,
    0x00,
    0x00,
    0x00,

    // Glyph 253
    0x00,
    0x00,
    0x0C,
    0x30,
    0x00,
    0x00,
    0x42,
    0x42,
    0x42,
    0x42,
    0x42,
    0x46,
    0x3A,
    0x02,
    0x02,
    0x42,
    0x3C,
    0x00,

    // Glyph 254
    0x00,
    0x00,
    0x00,
    0x40,
    0x40,
    0x40,
    0x5C,
    0x62,
    0x42,
    0x42,
    0x42,
    0x42,
    0x62,
    0x5C,
    0x40,
    0x40,
    0x40,
    0x00,

    // Glyph 255
    0x00,
    0x00,
    0x24,
    0x24,
    0x00,
    0x00,
    0x42,
    0x42,
    0x42,
    0x42,
    0x42,
    0x46,
    0x3A,
    0x02,
    0x02,
    0x42,
    0x3C,
    0x00,

    // Glyph 256
    0x00,
    0x00,
    0x00,
    0x04,
    0x08,
    0x10,
    0x00,
    0x00,
    0x00,
    0x00,
    0x00,
    0x00,
    0x00,
    0x00,
    0x00,
    0x00,
    0x00,
    0x00,

    // Glyph 257
    0x00,
    0x00,
    0x10,
    0x10,
    0x10,
    0x08,
    0x00,
    0x00,
    0x00,
    0x00,
    0x00,
    0x00,
    0x00,
    0x00,
    0x00,
    0x00,
    0x00,
    0x00,

    // Glyph 258
    0x00,
    0x00,
    0x08,
    0x08,
    0x08,
    0x10,
    0x00,
    0x00,
    0x00,
    0x00,
    0x00,
    0x00,
    0x00,
    0x00,
    0x00,
    0x00,
    0x00,
    0x00,

    // Glyph 259
    0x00,
    0x00,
    0x00,
    0x48,
    0x24,
    0x12,
    0x00,
    0x00,
    0x00,
    0x00,
    0x00,
    0x00,
    0x00,
    0x00,
    0x00,
    0x00,
    0x00,
    0x00,

    // Glyph 260
    0x00,
    0x00,
    0x00,
    0x12,
    0x24,
    0x48,
    0x00,
    0x00,
    0x00,
    0x00,
    0x00,
    0x00,
    0x00,
    0x00,
    0x00,
    0x00,
    0x00,
    0x00,

    // Glyph 261
    0x00,
    0x00,
    0x00,
    0x00,
    0x92,
    0x95,
    0x95,
    0xD2,
    0xD0,
    0xB7,
    0xB0,
    0x90,
    0x90,
    0x90,
    0x00,
    0x00,
    0x00,
    0x00,

    // Glyph 262
    0x00,
    0x00,
    0x00,
    0x00,
    0x00,
    0x3C,
    0x02,
    0x02,
    0x7F,
    0x08,
    0x7F,
    0x20,
    0x20,
    0x1E,
    0x00,
    0x00,
    0x00,
    0x00,

    // Glyph 263
    0x00,
    0x00,
    0x00,
    0x00,
    0x3C,
    0x22,
    0x22,
    0x22,
    0xFC,
    0x20,
    0xFC,
    0x20,
    0x20,
    0x20,
    0x00,
    0x00,
    0x00,
    0x00,

    // Glyph 264
    0x00,
    0x00,
    0x00,
    0x00,
    0x7C,
    0x40,
    0x40,
    0x40,
    0x7C,
    0x42,
    0x42,
    0x42,
    0x42,
    0x7C,
    0x00,
    0x00,
    0x00,
    0x00,

    // Glyph 265
    0x00,
    0x00,
    0x00,
    0x00,
    0x7E,
    0x40,
    0x40,
    0x40,
    0x40,
    0x40,
    0x40,
    0x40,
    0x40,
    0x40,
    0x00,
    0x00,
    0x00,
    0x00,

    // Glyph 266
    0x00,
    0x00,
    0x00,
    0x00,
    0x1E,
    0x12,
    0x12,
    0x12,
    0x22,
    0x22,
    0x22,
    0x42,
    0x42,
    0xFF,
    0x81,
    0x81,
    0x81,
    0x00,

    // Glyph 267
    0x00,
    0x00,
    0x00,
    0x00,
    0x49,
    0x49,
    0x2A,
    0x2A,
    0x1C,
    0x1C,
    0x2A,
    0x2A,
    0x49,
    0x49,
    0x00,
    0x00,
    0x00,
    0x00,

    // Glyph 268
    0x00,
    0x00,
    0x00,
    0x00,
    0x3C,
    0x42,
    0x02,
    0x02,
    0x3C,
    0x04,
    0x02,
    0x02,
    0x42,
    0x3C,
    0x00,
    0x00,
    0x00,
    0x00,

    // Glyph 269
    0x00,
    0x00,
    0x00,
    0x00,
    0x42,
    0x46,
    0x46,
    0x4A,
    0x4A,
    0x52,
    0x52,
    0x62,
    0x62,
    0x42,
    0x00,
    0x00,
    0x00,
    0x00,

    // Glyph 270
    0x24,
    0x18,
    0x00,
    0x00,
    0x42,
    0x46,
    0x46,
    0x4A,
    0x4A,
    0x52,
    0x52,
    0x62,
    0x62,
    0x42,
    0x00,
    0x00,
    0x00,
    0x00,

    // Glyph 271
    0x00,
    0x00,
    0x00,
    0x00,
    0x1E,
    0x12,
    0x12,
    0x12,
    0x12,
    0x12,
    0x12,
    0x22,
    0x22,
    0x42,
    0x00,
    0x00,
    0x00,
    0x00,

    // Glyph 272
    0x00,
    0x00,
    0x00,
    0x00,
    0x7E,
    0x42,
    0x42,
    0x42,
    0x42,
    0x42,
    0x42,
    0x42,
    0x42,
    0x42,
    0x00,
    0x00,
    0x00,
    0x00,

    // Glyph 273
    0x00,
    0x00,
    0x00,
    0x00,
    0x41,
    0x41,
    0x22,
    0x22,
    0x14,
    0x14,
    0x08,
    0x08,
    0x10,
    0x60,
    0x00,
    0x00,
    0x00,
    0x00,

    // Glyph 274
    0x00,
    0x00,
    0x00,
    0x08,
    0x08,
    0x3E,
    0x49,
    0x49,
    0x49,
    0x49,
    0x49,
    0x49,
    0x3E,
    0x08,
    0x08,
    0x00,
    0x00,
    0x00,

    // Glyph 275
    0x00,
    0x00,
    0x00,
    0x00,
    0x42,
    0x42,
    0x42,
    0x42,
    0x42,
    0x42,
    0x42,
    0x42,
    0x42,
    0x7F,
    0x01,
    0x01,
    0x01,
    0x00,

    // Glyph 276
    0x00,
    0x00,
    0x00,
    0x00,
    0x42,
    0x42,
    0x42,
    0x42,
    0x46,
    0x3A,
    0x02,
    0x02,
    0x02,
    0x02,
    0x00,
    0x00,
    0x00,
    0x00,

    // Glyph 277
    0x00,
    0x00,
    0x00,
    0x00,
    0x49,
    0x49,
    0x49,
    0x49,
    0x49,
    0x49,
    0x49,
    0x49,
    0x49,
    0x7F,
    0x00,
    0x00,
    0x00,
    0x00,

    // Glyph 278
    0x00,
    0x00,
    0x00,
    0x00,
    0x92,
    0x92,
    0x92,
    0x92,
    0x92,
    0x92,
    0x92,
    0x92,
    0x92,
    0xFF,
    0x01,
    0x01,
    0x01,
    0x00,

    // Glyph 279
    0x00,
    0x00,
    0x00,
    0x00,
    0x70,
    0x10,
    0x10,
    0x10,
    0x1E,
    0x11,
    0x11,
    0x11,
    0x11,
    0x1E,
    0x00,
    0x00,
    0x00,
    0x00,

    // Glyph 280
    0x00,
    0x00,
    0x00,
    0x00,
    0x42,
    0x42,
    0x42,
    0x42,
    0x72,
    0x4A,
    0x4A,
    0x4A,
    0x4A,
    0x72,
    0x00,
    0x00,
    0x00,
    0x00,

    // Glyph 281
    0x00,
    0x00,
    0x00,
    0x00,
    0x40,
    0x40,
    0x40,
    0x40,
    0x7C,
    0x42,
    0x42,
    0x42,
    0x42,
    0x7C,
    0x00,
    0x00,
    0x00,
    0x00,

    // Glyph 282
    0x00,
    0x00,
    0x00,
    0x00,
    0x38,
    0x44,
    0x02,
    0x02,
    0x3E,
    0x02,
    0x02,
    0x02,
    0x44,
    0x38,
    0x00,
    0x00,
    0x00,
    0x00,

    // Glyph 283
    0x00,
    0x00,
    0x00,
    0x00,
    0x4E,
    0x51,
    0x51,
    0x51,
    0x71,
    0x51,
    0x51,
    0x51,
    0x51,
    0x4E,
    0x00,
    0x00,
    0x00,
    0x00,

    // Glyph 284
    0x00,
    0x00,
    0x00,
    0x00,
    0x3E,
    0x42,
    0x42,
    0x42,
    0x3E,
    0x12,
    0x22,
    0x22,
    0x42,
    0x42,
    0x00,
    0x00,
    0x00,
    0x00,

    // Glyph 285
    0x00,
    0x00,
    0x00,
    0x00,
    0x1C,
    0x22,
    0x40,
    0x40,
    0x7C,
    0x40,
    0x40,
    0x40,
    0x22,
    0x1C,
    0x00,
    0x00,
    0x00,
    0x00,

    // Glyph 286
    0x42,
    0x3C,
    0x00,
    0x00,
    0x41,
    0x41,
    0x22,
    0x22,
    0x14,
    0x14,
    0x08,
    0x08,
    0x10,
    0x60,
    0x00,
    0x00,
    0x00,
    0x00,

    // Glyph 287
    0x00,
    0x00,
    0x00,
    0x00,
    0xFC,
    0x20,
    0x20,
    0x2E,
    0x31,
    0x21,
    0x21,
    0x21,
    0x21,
    0x26,
    0x00,
    0x00,
    0x00,
    0x00,

    // Glyph 288
    0x0C,
    0x30,
    0x00,
    0x00,
    0x7E,
    0x40,
    0x40,
    0x40,
    0x40,
    0x40,
    0x40,
    0x40,
    0x40,
    0x40,
    0x00,
    0x00,
    0x00,
    0x00,

    // Glyph 289
    0x00,
    0x00,
    0x00,
    0x00,
    0x78,
    0x48,
    0x48,
    0x48,
    0x4E,
    0x49,
    0x49,
    0x49,
    0x49,
    0x8E,
    0x00,
    0x00,
    0x00,
    0x00,

    // Glyph 290
    0x00,
    0x00,
    0x00,
    0x00,
    0x48,
    0x48,
    0x48,
    0x48,
    0x7E,
    0x49,
    0x49,
    0x49,
    0x49,
    0x4E,
    0x00,
    0x00,
    0x00,
    0x00,

    // Glyph 291
    0x00,
    0x00,
    0x00,
    0x00,
    0xFC,
    0x20,
    0x20,
    0x2E,
    0x31,
    0x21,
    0x21,
    0x21,
    0x21,
    0x21,
    0x00,
    0x00,
    0x00,
    0x00,

    // Glyph 292
    0x0C,
    0x30,
    0x00,
    0x00,
    0x42,
    0x44,
    0x48,
    0x50,
    0x60,
    0x60,
    0x50,
    0x48,
    0x44,
    0x42,
    0x00,
    0x00,
    0x00,
    0x00,

    // Glyph 293
    0x00,
    0x00,
    0x00,
    0x00,
    0x41,
    0x41,
    0x41,
    0x41,
    0x41,
    0x41,
    0x41,
    0x41,
    0x41,
    0x7F,
    0x08,
    0x08,
    0x08,
    0x00,

    // Glyph 294
    0x00,
    0x02,
    0x02,
    0x02,
    0x7E,
    0x40,
    0x40,
    0x40,
    0x40,
    0x40,
    0x40,
    0x40,
    0x40,
    0x40,
    0x00,
    0x00,
    0x00,
    0x00,

    // Glyph 295
    0x30,
    0x0C,
    0x00,
    0x00,
    0x42,
    0x46,
    0x46,
    0x4A,
    0x4A,
    0x52,
    0x52,
    0x62,
    0x62,
    0x42,
    0x00,
    0x00,
    0x00,
    0x00,

    // Glyph 296
    0x00,
    0x00,
    0x02,
    0x1C,
    0x20,
    0x40,
    0x5C,
    0x62,
    0x42,
    0x42,
    0x42,
    0x42,
    0x42,
    0x3C,
    0x00,
    0x00,
    0x00,
    0x00,

    // Glyph 297
    0x00,
    0x00,
    0x00,
    0x00,
    0x00,
    0x00,
    0x7C,
    0x42,
    0x42,
    0x7C,
    0x42,
    0x42,
    0x42,
    0x7C,
    0x00,
    0x00,
    0x00,
    0x00,

    // Glyph 298
    0x00,
    0x00,
    0x00,
    0x00,
    0x00,
    0x00,
    0x7E,
    0x40,
    0x40,
    0x40,
    0x40,
    0x40,
    0x40,
    0x40,
    0x00,
    0x00,
    0x00,
    0x00,

    // Glyph 299
    0x00,
    0x00,
    0x00,
    0x00,
    0x00,
    0x00,
    0x1E,
    0x12,
    0x12,
    0x12,
    0x22,
    0x22,
    0x22,
    0x7F,
    0x41,
    0x41,
    0x41,
    0x00,

    // Glyph 300
    0x00,
    0x00,
    0x00,
    0x00,
    0x00,
    0x00,
    0x49,
    0x49,
    0x2A,
    0x1C,
    0x1C,
    0x2A,
    0x49,
    0x49,
    0x00,
    0x00,
    0x00,
    0x00,

    // Glyph 301
    0x00,
    0x00,
    0x00,
    0x00,
    0x00,
    0x00,
    0x3C,
    0x42,
    0x02,
    0x3C,
    0x04,
    0x02,
    0x42,
    0x3C,
    0x00,
    0x00,
    0x00,
    0x00,

    // Glyph 302
    0x00,
    0x00,
    0x00,
    0x00,
    0x00,
    0x00,
    0x42,
    0x46,
    0x4A,
    0x4A,
    0x52,
    0x52,
    0x62,
    0x42,
    0x00,
    0x00,
    0x00,
    0x00,

    // Glyph 303
    0x00,
    0x00,
    0x24,
    0x18,
    0x00,
    0x00,
    0x42,
    0x46,
    0x4A,
    0x4A,
    0x52,
    0x52,
    0x62,
    0x42,
    0x00,
    0x00,
    0x00,
    0x00,

    // Glyph 304
    0x00,
    0x00,
    0x00,
    0x00,
    0x00,
    0x00,
    0x46,
    0x48,
    0x50,
    0x60,
    0x50,
    0x48,
    0x44,
    0x42,
    0x00,
    0x00,
    0x00,
    0x00,

    // Glyph 305
    0x00,
    0x00,
    0x00,
    0x00,
    0x00,
    0x00,
    0x1E,
    0x12,
    0x12,
    0x12,
    0x12,
    0x22,
    0x22,
    0x42,
    0x00,
    0x00,
    0x00,
    0x00,

    // Glyph 306
    0x00,
    0x00,
    0x00,
    0x00,
    0x00,
    0x00,
    0x41,
    0x63,
    0x63,
    0x55,
    0x55,
    0x49,
    0x49,
    0x41,
    0x00,
    0x00,
    0x00,
    0x00,

    // Glyph 307
    0x00,
    0x00,
    0x00,
    0x00,
    0x00,
    0x00,
    0x42,
    0x42,
    0x42,
    0x7E,
    0x42,
    0x42,
    0x42,
    0x42,
    0x00,
    0x00,
    0x00,
    0x00,

    // Glyph 308
    0x00,
    0x00,
    0x00,
    0x00,
    0x00,
    0x00,
    0x7E,
    0x42,
    0x42,
    0x42,
    0x42,
    0x42,
    0x42,
    0x42,
    0x00,
    0x00,
    0x00,
    0x00,

    // Glyph 309
    0x00,
    0x00,
    0x00,
    0x00,
    0x00,
    0x00,
    0x7F,
    0x08,
    0x08,
    0x08,
    0x08,
    0x08,
    0x08,
    0x08,
    0x00,
    0x00,
    0x00,
    0x00,

    // Glyph 310
    0x00,
    0x00,
    0x00,
    0x08,
    0x08,
    0x08,
    0x3E,
    0x49,
    0x49,
    0x49,
    0x49,
    0x49,
    0x49,
    0x3E,
    0x08,
    0x08,
    0x08,
    0x00,

    // Glyph 311
    0x00,
    0x00,
    0x00,
    0x00,
    0x00,
    0x00,
    0x42,
    0x42,
    0x42,
    0x42,
    0x42,
    0x42,
    0x42,
    0x7F,
    0x01,
    0x01,
    0x01,
    0x00,

    // Glyph 312
    0x00,
    0x00,
    0x00,
    0x00,
    0x00,
    0x00,
    0x42,
    0x42,
    0x42,
    0x46,
    0x3A,
    0x02,
    0x02,
    0x02,
    0x00,
    0x00,
    0x00,
    0x00,

    // Glyph 313
    0x00,
    0x00,
    0x00,
    0x00,
    0x00,
    0x00,
    0x49,
    0x49,
    0x49,
    0x49,
    0x49,
    0x49,
    0x49,
    0x7F,
    0x00,
    0x00,
    0x00,
    0x00,

    // Glyph 314
    0x00,
    0x00,
    0x00,
    0x00,
    0x00,
    0x00,
    0x92,
    0x92,
    0x92,
    0x92,
    0x92,
    0x92,
    0x92,
    0xFF,
    0x01,
    0x01,
    0x01,
    0x00,

    // Glyph 315
    0x00,
    0x00,
    0x00,
    0x00,
    0x00,
    0x00,
    0x70,
    0x10,
    0x10,
    0x1E,
    0x11,
    0x11,
    0x11,
    0x1E,
    0x00,
    0x00,
    0x00,
    0x00,

    // Glyph 316
    0x00,
    0x00,
    0x00,
    0x00,
    0x00,
    0x00,
    0x42,
    0x42,
    0x42,
    0x72,
    0x4A,
    0x4A,
    0x4A,
    0x72,
    0x00,
    0x00,
    0x00,
    0x00,

    // Glyph 317
    0x00,
    0x00,
    0x00,
    0x00,
    0x00,
    0x00,
    0x40,
    0x40,
    0x40,
    0x7C,
    0x42,
    0x42,
    0x42,
    0x7C,
    0x00,
    0x00,
    0x00,
    0x00,

    // Glyph 318
    0x00,
    0x00,
    0x00,
    0x00,
    0x00,
    0x00,
    0x38,
    0x44,
    0x02,
    0x3E,
    0x02,
    0x02,
    0x44,
    0x38,
    0x00,
    0x00,
    0x00,
    0x00,

    // Glyph 319
    0x00,
    0x00,
    0x00,
    0x00,
    0x00,
    0x00,
    0x4C,
    0x52,
    0x52,
    0x72,
    0x52,
    0x52,
    0x52,
    0x4C,
    0x00,
    0x00,
    0x00,
    0x00,

    // Glyph 320
    0x00,
    0x00,
    0x00,
    0x00,
    0x00,
    0x00,
    0x3E,
    0x42,
    0x42,
    0x42,
    0x3E,
    0x12,
    0x22,
    0x42,
    0x00,
    0x00,
    0x00,
    0x00,

    // Glyph 321
    0x00,
    0x00,
    0x00,
    0x00,
    0x00,
    0x00,
    0x1C,
    0x22,
    0x40,
    0x7C,
    0x40,
    0x40,
    0x22,
    0x1C,
    0x00,
    0x00,
    0x00,
    0x00,

    // Glyph 322
    0x00,
    0x00,
    0x42,
    0x3C,
    0x00,
    0x00,
    0x42,
    0x42,
    0x42,
    0x42,
    0x42,
    0x46,
    0x3A,
    0x02,
    0x02,
    0x42,
    0x3C,
    0x00,

    // Glyph 323
    0x00,
    0x00,
    0x00,
    0x20,
    0x20,
    0xFC,
    0x20,
    0x20,
    0x2C,
    0x32,
    0x22,
    0x22,
    0x22,
    0x22,
    0x02,
    0x0C,
    0x00,
    0x00,

    // Glyph 324
    0x00,
    0x00,
    0x0C,
    0x30,
    0x00,
    0x00,
    0x7E,
    0x40,
    0x40,
    0x40,
    0x40,
    0x40,
    0x40,
    0x40,
    0x00,
    0x00,
    0x00,
    0x00,

    // Glyph 325
    0x00,
    0x00,
    0x00,
    0x00,
    0x00,
    0x00,
    0x78,
    0x48,
    0x48,
    0x4E,
    0x49,
    0x49,
    0x49,
    0x8E,
    0x00,
    0x00,
    0x00,
    0x00,

    // Glyph 326
    0x00,
    0x00,
    0x00,
    0x00,
    0x00,
    0x00,
    0x48,
    0x48,
    0x48,
    0x7E,
    0x49,
    0x49,
    0x49,
    0x4E,
    0x00,
    0x00,
    0x00,
    0x00,

    // Glyph 327
    0x00,
    0x00,
    0x00,
    0x20,
    0x20,
    0xFC,
    0x20,
    0x20,
    0x2C,
    0x32,
    0x22,
    0x22,
    0x22,
    0x22,
    0x00,
    0x00,
    0x00,
    0x00,

    // Glyph 328
    0x00,
    0x00,
    0x0C,
    0x30,
    0x00,
    0x00,
    0x46,
    0x48,
    0x50,
    0x60,
    0x50,
    0x48,
    0x44,
    0x42,
    0x00,
    0x00,
    0x00,
    0x00,

    // Glyph 329
    0x00,
    0x00,
    0x00,
    0x00,
    0x00,
    0x00,
    0x41,
    0x41,
    0x41,
    0x41,
    0x41,
    0x41,
    0x41,
    0x7F,
    0x08,
    0x08,
    0x08,
    0x00,

    // Glyph 330
    0x00,
    0x00,
    0x00,
    0x02,
    0x02,
    0x02,
    0x7E,
    0x40,
    0x40,
    0x40,
    0x40,
    0x40,
    0x40,
    0x40,
    0x00,
    0x00,
    0x00,
    0x00,

    // Glyph 331
    0x00,
    0x00,
    0x30,
    0x0C,
    0x00,
    0x00,
    0x42,
    0x46,
    0x4A,
    0x4A,
    0x52,
    0x52,
    0x62,
    0x42,
    0x00,
    0x00,
    0x00,
    0x00,

    // Glyph 332
    0x00,
    0x00,
    0x00,
    0x00,
    0x00,
    0x00,
    0x00,
    0x00,
    0x00,
    0x00,
    0x00,
    0x00,
    0x00,
    0x00,
    0x10,
    0x10,
    0x1C,
    0x00,

    // Glyph 333
    0x10,
    0x10,
    0x10,
    0x00,
    0x00,
    0x00,
    0x00,
    0x00,
    0x00,
    0x00,
    0x00,
    0x00,
    0x00,
    0x00,
    0x00,
    0x00,
    0x00,
    0x00,

    // Glyph 334
    0x10,
    0x10,
    0x10,
    0x44,
    0x44,
    0x00,
    0x00,
    0x00,
    0x00,
    0x00,
    0x00,
    0x00,
    0x00,
    0x00,
    0x00,
    0x00,
    0x00,
    0x00,

    // Glyph 335
    0x40,
    0x40,
    0x40,
    0x00,
    0x18,
    0x24,
    0x24,
    0x42,
    0x42,
    0x7E,
    0x42,
    0x42,
    0x42,
    0x42,
    0x00,
    0x00,
    0x00,
    0x00,

    // Glyph 336
    0x80,
    0x80,
    0x80,
    0x00,
    0x7E,
    0x40,
    0x40,
    0x40,
    0x7C,
    0x40,
    0x40,
    0x40,
    0x40,
    0x7E,
    0x00,
    0x00,
    0x00,
    0x00,

    // Glyph 337
    0x80,
    0x80,
    0x80,
    0x00,
    0x42,
    0x42,
    0x42,
    0x42,
    0x7E,
    0x42,
    0x42,
    0x42,
    0x42,
    0x42,
    0x00,
    0x00,
    0x00,
    0x00,

    // Glyph 338
    0x40,
    0x40,
    0x40,
    0x00,
    0x3E,
    0x08,
    0x08,
    0x08,
    0x08,
    0x08,
    0x08,
    0x08,
    0x08,
    0x3E,
    0x00,
    0x00,
    0x00,
    0x00,

    // Glyph 339
    0x40,
    0x40,
    0x40,
    0x00,
    0x3C,
    0x42,
    0x42,
    0x42,
    0x42,
    0x42,
    0x42,
    0x42,
    0x42,
    0x3C,
    0x00,
    0x00,
    0x00,
    0x00,

    // Glyph 340
    0x80,
    0x80,
    0x80,
    0x00,
    0x41,
    0x41,
    0x22,
    0x22,
    0x14,
    0x08,
    0x08,
    0x08,
    0x08,
    0x08,
    0x00,
    0x00,
    0x00,
    0x00,

    // Glyph 341
    0x40,
    0x40,
    0x40,
    0x00,
    0x3E,
    0x41,
    0x41,
    0x41,
    0x41,
    0x41,
    0x41,
    0x22,
    0x14,
    0x77,
    0x00,
    0x00,
    0x00,
    0x00,

    // Glyph 342
    0x10,
    0x10,
    0x10,
    0x44,
    0x44,
    0x00,
    0x30,
    0x10,
    0x10,
    0x10,
    0x10,
    0x10,
    0x10,
    0x0C,
    0x00,
    0x00,
    0x00,
    0x00,

    // Glyph 343
    0x00,
    0x00,
    0x00,
    0x00,
    0x08,
    0x08,
    0x14,
    0x14,
    0x22,
    0x22,
    0x22,
    0x41,
    0x41,
    0x7F,
    0x00,
    0x00,
    0x00,
    0x00,

    // Glyph 344
    0x00,
    0x00,
    0x00,
    0x00,
    0x3C,
    0x42,
    0x42,
    0x42,
    0x7E,
    0x42,
    0x42,
    0x42,
    0x42,
    0x3C,
    0x00,
    0x00,
    0x00,
    0x00,

    // Glyph 345
    0x00,
    0x00,
    0x00,
    0x00,
    0x08,
    0x08,
    0x14,
    0x14,
    0x22,
    0x22,
    0x22,
    0x41,
    0x41,
    0x41,
    0x00,
    0x00,
    0x00,
    0x00,

    // Glyph 346
    0x00,
    0x00,
    0x00,
    0x00,
    0x7E,
    0x00,
    0x00,
    0x00,
    0x3C,
    0x00,
    0x00,
    0x00,
    0x00,
    0x7E,
    0x00,
    0x00,
    0x00,
    0x00,

    // Glyph 347
    0x00,
    0x00,
    0x00,
    0x00,
    0x7E,
    0x40,
    0x20,
    0x10,
    0x08,
    0x08,
    0x10,
    0x20,
    0x40,
    0x7E,
    0x00,
    0x00,
    0x00,
    0x00,

    // Glyph 348
    0x00,
    0x00,
    0x00,
    0x00,
    0x49,
    0x49,
    0x49,
    0x49,
    0x49,
    0x3E,
    0x08,
    0x08,
    0x08,
    0x08,
    0x00,
    0x00,
    0x00,
    0x00,

    // Glyph 349
    0x00,
    0x00,
    0x00,
    0x00,
    0x3E,
    0x41,
    0x41,
    0x41,
    0x41,
    0x41,
    0x41,
    0x22,
    0x14,
    0x77,
    0x00,
    0x00,
    0x00,
    0x00,

    // Glyph 350
    0x00,
    0x10,
    0x10,
    0x10,
    0x00,
    0x00,
    0x32,
    0x4A,
    0x44,
    0x44,
    0x44,
    0x44,
    0x4A,
    0x32,
    0x00,
    0x00,
    0x00,
    0x00,

    // Glyph 351
    0x00,
    0x10,
    0x10,
    0x10,
    0x00,
    0x00,
    0x3C,
    0x42,
    0x40,
    0x3C,
    0x40,
    0x40,
    0x42,
    0x3C,
    0x00,
    0x00,
    0x00,
    0x00,

    // Glyph 352
    0x00,
    0x10,
    0x10,
    0x10,
    0x00,
    0x00,
    0x5C,
    0x62,
    0x42,
    0x42,
    0x42,
    0x42,
    0x42,
    0x42,
    0x02,
    0x02,
    0x02,
    0x00,

    // Glyph 353
    0x00,
    0x10,
    0x10,
    0x10,
    0x00,
    0x00,
    0x30,
    0x10,
    0x10,
    0x10,
    0x10,
    0x10,
    0x10,
    0x0C,
    0x00,
    0x00,
    0x00,
    0x00,

    // Glyph 354
    0x10,
    0x10,
    0x10,
    0x44,
    0x44,
    0x00,
    0xC2,
    0x42,
    0x42,
    0x42,
    0x42,
    0x42,
    0x42,
    0x3C,
    0x00,
    0x00,
    0x00,
    0x00,

    // Glyph 355
    0x00,
    0x00,
    0x00,
    0x00,
    0x00,
    0x00,
    0x32,
    0x4A,
    0x44,
    0x44,
    0x44,
    0x44,
    0x4A,
    0x32,
    0x00,
    0x00,
    0x00,
    0x00,

    // Glyph 356
    0x00,
    0x00,
    0x00,
    0x00,
    0x38,
    0x44,
    0x44,
    0x44,
    0x5C,
    0x42,
    0x42,
    0x42,
    0x62,
    0x5C,
    0x40,
    0x40,
    0x40,
    0x00,

    // Glyph 357
    0x00,
    0x00,
    0x00,
    0x00,
    0x00,
    0x00,
    0x31,
    0x49,
    0x0A,
    0x0C,
    0x0C,
    0x08,
    0x08,
    0x08,
    0x10,
    0x10,
    0x10,
    0x00,

    // Glyph 358
    0x00,
    0x00,
    0x00,
    0x1C,
    0x20,
    0x20,
    0x20,
    0x18,
    0x24,
    0x42,
    0x42,
    0x42,
    0x42,
    0x3C,
    0x00,
    0x00,
    0x00,
    0x00,

    // Glyph 359
    0x00,
    0x00,
    0x00,
    0x00,
    0x00,
    0x00,
    0x3C,
    0x42,
    0x40,
    0x3C,
    0x40,
    0x40,
    0x42,
    0x3C,
    0x00,
    0x00,
    0x00,
    0x00,

    // Glyph 360
    0x00,
    0x00,
    0x00,
    0x20,
    0x1E,
    0x04,
    0x08,
    0x10,
    0x10,
    0x20,
    0x20,
    0x20,
    0x10,
    0x0C,
    0x02,
    0x02,
    0x0C,
    0x00,

    // Glyph 361
    0x00,
    0x00,
    0x00,
    0x00,
    0x00,
    0x00,
    0x5C,
    0x62,
    0x42,
    0x42,
    0x42,
    0x42,
    0x42,
    0x42,
    0x02,
    0x02,
    0x02,
    0x00,

    // Glyph 362
    0x00,
    0x00,
    0x00,
    0x18,
    0x24,
    0x24,
    0x42,
    0x42,
    0x7E,
    0x42,
    0x42,
    0x24,
    0x24,
    0x18,
    0x00,
    0x00,
    0x00,
    0x00,

    // Glyph 363
    0x00,
    0x00,
    0x00,
    0x00,
    0x00,
    0x00,
    0x30,
    0x10,
    0x10,
    0x10,
    0x10,
    0x10,
    0x10,
    0x0C,
    0x00,
    0x00,
    0x00,
    0x00,

    // Glyph 364
    0x00,
    0x00,
    0x00,
    0x00,
    0x00,
    0x00,
    0x22,
    0x24,
    0x28,
    0x30,
    0x30,
    0x28,
    0x24,
    0x22,
    0x00,
    0x00,
    0x00,
    0x00,

    // Glyph 365
    0x00,
    0x00,
    0x00,
    0x60,
    0x10,
    0x08,
    0x08,
    0x0C,
    0x14,
    0x24,
    0x22,
    0x42,
    0x42,
    0x42,
    0x00,
    0x00,
    0x00,
    0x00,

    // Glyph 366
    0x00,
    0x00,
    0x00,
    0x00,
    0x00,
    0x00,
    0x42,
    0x42,
    0x42,
    0x44,
    0x44,
    0x48,
    0x50,
    0x60,
    0x00,
    0x00,
    0x00,
    0x00,

    // Glyph 367
    0x00,
    0x00,
    0x00,
    0x20,
    0x1E,
    0x08,
    0x10,
    0x20,
    0x20,
    0x1C,
    0x20,
    0x20,
    0x10,
    0x0C,
    0x02,
    0x02,
    0x0C,
    0x00,

    // Glyph 368
    0x00,
    0x00,
    0x00,
    0x00,
    0x00,
    0x00,
    0x3C,
    0x42,
    0x42,
    0x42,
    0x42,
    0x42,
    0x62,
    0x5C,
    0x40,
    0x40,
    0x40,
    0x00,

    // Glyph 369
    0x00,
    0x00,
    0x00,
    0x00,
    0x00,
    0x00,
    0x1E,
    0x20,
    0x40,
    0x40,
    0x40,
    0x40,
    0x20,
    0x1C,
    0x02,
    0x02,
    0x0C,
    0x00,

    // Glyph 370
    0x00,
    0x00,
    0x00,
    0x00,
    0x00,
    0x00,
    0x3F,
    0x44,
    0x42,
    0x42,
    0x42,
    0x42,
    0x42,
    0x3C,
    0x00,
    0x00,
    0x00,
    0x00,

    // Glyph 371
    0x00,
    0x00,
    0x00,
    0x00,
    0x00,
    0x00,
    0x7E,
    0x10,
    0x10,
    0x10,
    0x10,
    0x10,
    0x10,
    0x0C,
    0x00,
    0x00,
    0x00,
    0x00,

    // Glyph 372
    0x00,
    0x00,
    0x00,
    0x00,
    0x00,
    0x00,
    0xC2,
    0x42,
    0x42,
    0x42,
    0x42,
    0x42,
    0x42,
    0x3C,
    0x00,
    0x00,
    0x00,
    0x00,

    // Glyph 373
    0x00,
    0x00,
    0x00,
    0x00,
    0x00,
    0x00,
    0x26,
    0x49,
    0x49,
    0x49,
    0x49,
    0x49,
    0x49,
    0x3E,
    0x08,
    0x08,
    0x08,
    0x00,

    // Glyph 374
    0x00,
    0x00,
    0x00,
    0x00,
    0x00,
    0x00,
    0x42,
    0x42,
    0x24,
    0x24,
    0x18,
    0x18,
    0x24,
    0x24,
    0x42,
    0x42,
    0x42,
    0x00,

    // Glyph 375
    0x00,
    0x00,
    0x00,
    0x08,
    0x08,
    0x08,
    0x49,
    0x49,
    0x49,
    0x49,
    0x49,
    0x49,
    0x49,
    0x3E,
    0x08,
    0x08,
    0x08,
    0x00,

    // Glyph 376
    0x00,
    0x00,
    0x00,
    0x00,
    0x00,
    0x00,
    0x22,
    0x41,
    0x41,
    0x49,
    0x49,
    0x49,
    0x49,
    0x36,
    0x00,
    0x00,
    0x00,
    0x00,

    // Glyph 377
    0x00,
    0x00,
    0x44,
    0x44,
    0x00,
    0x00,
    0x30,
    0x10,
    0x10,
    0x10,
    0x10,
    0x10,
    0x10,
    0x0C,
    0x00,
    0x00,
    0x00,
    0x00,

    // Glyph 378
    0x00,
    0x00,
    0x24,
    0x24,
    0x00,
    0x00,
    0xC2,
    0x42,
    0x42,
    0x42,
    0x42,
    0x42,
    0x42,
    0x3C,
    0x00,
    0x00,
    0x00,
    0x00,

    // Glyph 379
    0x00,
    0x10,
    0x10,
    0x10,
    0x00,
    0x00,
    0x3C,
    0x42,
    0x42,
    0x42,
    0x42,
    0x42,
    0x42,
    0x3C,
    0x00,
    0x00,
    0x00,
    0x00,

    // Glyph 380
    0x00,
    0x10,
    0x10,
    0x10,
    0x00,
    0x00,
    0xC2,
    0x42,
    0x42,
    0x42,
    0x42,
    0x42,
    0x42,
    0x3C,
    0x00,
    0x00,
    0x00,
    0x00,

    // Glyph 381
    0x00,
    0x08,
    0x08,
    0x08,
    0x00,
    0x00,
    0x22,
    0x41,
    0x41,
    0x49,
    0x49,
    0x49,
    0x49,
    0x36,
    0x00,
    0x00,
    0x00,
    0x00,

    // Glyph 382
    0x00,
    0x3C,
    0x00,
    0x00,
    0x18,
    0x24,
    0x24,
    0x42,
    0x42,
    0x7E,
    0x42,
    0x42,
    0x42,
    0x42,
    0x00,
    0x00,
    0x00,
    0x00,

    // Glyph 383
    0x42,
    0x3C,
    0x00,
    0x00,
    0x18,
    0x24,
    0x24,
    0x42,
    0x42,
    0x7E,
    0x42,
    0x42,
    0x42,
    0x42,
    0x00,
    0x00,
    0x00,
    0x00,

    // Glyph 384
    0x00,
    0x00,
    0x00,
    0x00,
    0x18,
    0x24,
    0x24,
    0x42,
    0x42,
    0x7E,
    0x42,
    0x42,
    0x42,
    0x42,
    0x04,
    0x04,
    0x03,
    0x00,

    // Glyph 385
    0x10,
    0x10,
    0x00,
    0x00,
    0x7C,
    0x42,
    0x42,
    0x42,
    0x7C,
    0x42,
    0x42,
    0x42,
    0x42,
    0x7C,
    0x00,
    0x00,
    0x00,
    0x00,

    // Glyph 386
    0x0C,
    0x30,
    0x00,
    0x00,
    0x3C,
    0x42,
    0x42,
    0x40,
    0x40,
    0x40,
    0x40,
    0x42,
    0x42,
    0x3C,
    0x00,
    0x00,
    0x00,
    0x00,

    // Glyph 387
    0x18,
    0x24,
    0x00,
    0x00,
    0x3C,
    0x42,
    0x42,
    0x40,
    0x40,
    0x40,
    0x40,
    0x42,
    0x42,
    0x3C,
    0x00,
    0x00,
    0x00,
    0x00,

    // Glyph 388
    0x10,
    0x10,
    0x00,
    0x00,
    0x3C,
    0x42,
    0x42,
    0x40,
    0x40,
    0x40,
    0x40,
    0x42,
    0x42,
    0x3C,
    0x00,
    0x00,
    0x00,
    0x00,

    // Glyph 389
    0x24,
    0x18,
    0x00,
    0x00,
    0x3C,
    0x42,
    0x42,
    0x40,
    0x40,
    0x40,
    0x40,
    0x42,
    0x42,
    0x3C,
    0x00,
    0x00,
    0x00,
    0x00,

    // Glyph 390
    0x10,
    0x10,
    0x00,
    0x00,
    0x78,
    0x44,
    0x42,
    0x42,
    0x42,
    0x42,
    0x42,
    0x42,
    0x44,
    0x78,
    0x00,
    0x00,
    0x00,
    0x00,

    // Glyph 391
    0x48,
    0x30,
    0x00,
    0x00,
    0x78,
    0x44,
    0x42,
    0x42,
    0x42,
    0x42,
    0x42,
    0x42,
    0x44,
    0x78,
    0x00,
    0x00,
    0x00,
    0x00,

    // Glyph 392
    0x00,
    0x3C,
    0x00,
    0x00,
    0x7E,
    0x40,
    0x40,
    0x40,
    0x7C,
    0x40,
    0x40,
    0x40,
    0x40,
    0x7E,
    0x00,
    0x00,
    0x00,
    0x00,

    // Glyph 393
    0x10,
    0x10,
    0x00,
    0x00,
    0x7E,
    0x40,
    0x40,
    0x40,
    0x7C,
    0x40,
    0x40,
    0x40,
    0x40,
    0x7E,
    0x00,
    0x00,
    0x00,
    0x00,

    // Glyph 394
    0x24,
    0x18,
    0x00,
    0x00,
    0x7E,
    0x40,
    0x40,
    0x40,
    0x7C,
    0x40,
    0x40,
    0x40,
    0x40,
    0x7E,
    0x00,
    0x00,
    0x00,
    0x00,

    // Glyph 395
    0x00,
    0x00,
    0x00,
    0x00,
    0x7E,
    0x40,
    0x40,
    0x40,
    0x7C,
    0x40,
    0x40,
    0x40,
    0x40,
    0x7E,
    0x08,
    0x08,
    0x06,
    0x00,

    // Glyph 396
    0x10,
    0x10,
    0x00,
    0x00,
    0x7E,
    0x40,
    0x40,
    0x40,
    0x7C,
    0x40,
    0x40,
    0x40,
    0x40,
    0x40,
    0x00,
    0x00,
    0x00,
    0x00,

    // Glyph 397
    0x18,
    0x24,
    0x00,
    0x00,
    0x3C,
    0x42,
    0x42,
    0x40,
    0x40,
    0x4E,
    0x42,
    0x42,
    0x42,
    0x3C,
    0x00,
    0x00,
    0x00,
    0x00,

    // Glyph 398
    0x10,
    0x10,
    0x00,
    0x00,
    0x3C,
    0x42,
    0x42,
    0x40,
    0x40,
    0x4E,
    0x42,
    0x42,
    0x42,
    0x3C,
    0x00,
    0x00,
    0x00,
    0x00,

    // Glyph 399
    0x00,
    0x00,
    0x00,
    0x00,
    0x3C,
    0x42,
    0x42,
    0x40,
    0x40,
    0x4E,
    0x42,
    0x42,
    0x42,
    0x3C,
    0x08,
    0x08,
    0x30,
    0x00,

    // Glyph 400
    0x18,
    0x24,
    0x00,
    0x00,
    0x42,
    0x42,
    0x42,
    0x42,
    0x7E,
    0x42,
    0x42,
    0x42,
    0x42,
    0x42,
    0x00,
    0x00,
    0x00,
    0x00,

    // Glyph 401
    0x00,
    0x00,
    0x00,
    0x00,
    0x42,
    0x42,
    0xFF,
    0x42,
    0x42,
    0x7E,
    0x42,
    0x42,
    0x42,
    0x42,
    0x00,
    0x00,
    0x00,
    0x00,

    // Glyph 402
    0x32,
    0x4C,
    0x00,
    0x00,
    0x3E,
    0x08,
    0x08,
    0x08,
    0x08,
    0x08,
    0x08,
    0x08,
    0x08,
    0x3E,
    0x00,
    0x00,
    0x00,
    0x00,

    // Glyph 403
    0x00,
    0x3E,
    0x00,
    0x00,
    0x3E,
    0x08,
    0x08,
    0x08,
    0x08,
    0x08,
    0x08,
    0x08,
    0x08,
    0x3E,
    0x00,
    0x00,
    0x00,
    0x00,

    // Glyph 404
    0x00,
    0x00,
    0x00,
    0x00,
    0x3E,
    0x08,
    0x08,
    0x08,
    0x08,
    0x08,
    0x08,
    0x08,
    0x08,
    0x3E,
    0x08,
    0x08,
    0x06,
    0x00,

    // Glyph 405
    0x0C,
    0x12,
    0x00,
    0x00,
    0x1F,
    0x04,
    0x04,
    0x04,
    0x04,
    0x04,
    0x04,
    0x44,
    0x44,
    0x38,
    0x00,
    0x00,
    0x00,
    0x00,

    // Glyph 406
    0x00,
    0x00,
    0x00,
    0x00,
    0x42,
    0x44,
    0x48,
    0x50,
    0x60,
    0x60,
    0x50,
    0x48,
    0x44,
    0x42,
    0x20,
    0x20,
    0xC0,
    0x00,

    // Glyph 407
    0x0C,
    0x30,
    0x00,
    0x00,
    0x40,
    0x40,
    0x40,
    0x40,
    0x40,
    0x40,
    0x40,
    0x40,
    0x40,
    0x7E,
    0x00,
    0x00,
    0x00,
    0x00,

    // Glyph 408
    0x24,
    0x18,
    0x00,
    0x00,
    0x40,
    0x40,
    0x40,
    0x40,
    0x40,
    0x40,
    0x40,
    0x40,
    0x40,
    0x7E,
    0x00,
    0x00,
    0x00,
    0x00,

    // Glyph 409
    0x00,
    0x00,
    0x00,
    0x00,
    0x40,
    0x40,
    0x40,
    0x40,
    0x40,
    0x40,
    0x40,
    0x40,
    0x40,
    0x7E,
    0x08,
    0x08,
    0x30,
    0x00,

    // Glyph 410
    0x00,
    0x00,
    0x00,
    0x00,
    0x40,
    0x40,
    0x48,
    0x50,
    0x60,
    0x40,
    0xC0,
    0x40,
    0x40,
    0x7E,
    0x00,
    0x00,
    0x00,
    0x00,

    // Glyph 411
    0x08,
    0x08,
    0x00,
    0x00,
    0x41,
    0x63,
    0x63,
    0x55,
    0x55,
    0x49,
    0x49,
    0x41,
    0x41,
    0x41,
    0x00,
    0x00,
    0x00,
    0x00,

    // Glyph 412
    0x0C,
    0x30,
    0x00,
    0x00,
    0x42,
    0x62,
    0x62,
    0x52,
    0x52,
    0x4A,
    0x4A,
    0x46,
    0x46,
    0x42,
    0x00,
    0x00,
    0x00,
    0x00,

    // Glyph 413
    0x24,
    0x18,
    0x00,
    0x00,
    0x42,
    0x62,
    0x62,
    0x52,
    0x52,
    0x4A,
    0x4A,
    0x46,
    0x46,
    0x42,
    0x00,
    0x00,
    0x00,
    0x00,

    // Glyph 414
    0x00,
    0x00,
    0x00,
    0x00,
    0x42,
    0x62,
    0x62,
    0x52,
    0x52,
    0x4A,
    0x4A,
    0x46,
    0x46,
    0x42,
    0x20,
    0x20,
    0xC0,
    0x00,

    // Glyph 415
    0x00,
    0x00,
    0x00,
    0x00,
    0x42,
    0x62,
    0x62,
    0x52,
    0x52,
    0x4A,
    0x4A,
    0x46,
    0x46,
    0x42,
    0x02,
    0x02,
    0x0C,
    0x00,

    // Glyph 416
    0x00,
    0x3C,
    0x00,
    0x00,
    0x3C,
    0x42,
    0x42,
    0x42,
    0x42,
    0x42,
    0x42,
    0x42,
    0x42,
    0x3C,
    0x00,
    0x00,
    0x00,
    0x00,

    // Glyph 417
    0x33,
    0x44,
    0x00,
    0x00,
    0x3C,
    0x42,
    0x42,
    0x42,
    0x42,
    0x42,
    0x42,
    0x42,
    0x42,
    0x3C,
    0x00,
    0x00,
    0x00,
    0x00,

    // Glyph 418
    0x10,
    0x10,
    0x00,
    0x00,
    0x7C,
    0x42,
    0x42,
    0x42,
    0x42,
    0x7C,
    0x40,
    0x40,
    0x40,
    0x40,
    0x00,
    0x00,
    0x00,
    0x00,

    // Glyph 419
    0x0C,
    0x30,
    0x00,
    0x00,
    0x7C,
    0x42,
    0x42,
    0x42,
    0x7C,
    0x48,
    0x44,
    0x44,
    0x42,
    0x42,
    0x00,
    0x00,
    0x00,
    0x00,

    // Glyph 420
    0x24,
    0x18,
    0x00,
    0x00,
    0x7C,
    0x42,
    0x42,
    0x42,
    0x7C,
    0x48,
    0x44,
    0x44,
    0x42,
    0x42,
    0x00,
    0x00,
    0x00,
    0x00,

    // Glyph 421
    0x00,
    0x00,
    0x00,
    0x00,
    0x7C,
    0x42,
    0x42,
    0x42,
    0x7C,
    0x48,
    0x44,
    0x44,
    0x42,
    0x42,
    0x20,
    0x20,
    0xC0,
    0x00,

    // Glyph 422
    0x0C,
    0x30,
    0x00,
    0x00,
    0x3C,
    0x42,
    0x42,
    0x40,
    0x30,
    0x0C,
    0x02,
    0x42,
    0x42,
    0x3C,
    0x00,
    0x00,
    0x00,
    0x00,

    // Glyph 423
    0x18,
    0x24,
    0x00,
    0x00,
    0x3C,
    0x42,
    0x42,
    0x40,
    0x30,
    0x0C,
    0x02,
    0x42,
    0x42,
    0x3C,
    0x00,
    0x00,
    0x00,
    0x00,

    // Glyph 424
    0x10,
    0x10,
    0x00,
    0x00,
    0x3C,
    0x42,
    0x42,
    0x40,
    0x30,
    0x0C,
    0x02,
    0x42,
    0x42,
    0x3C,
    0x00,
    0x00,
    0x00,
    0x00,

    // Glyph 425
    0x00,
    0x00,
    0x00,
    0x00,
    0x3C,
    0x42,
    0x42,
    0x40,
    0x30,
    0x0C,
    0x02,
    0x42,
    0x42,
    0x3C,
    0x00,
    0x00,
    0x08,
    0x10,

    // Glyph 426
    0x08,
    0x08,
    0x00,
    0x00,
    0x7F,
    0x08,
    0x08,
    0x08,
    0x08,
    0x08,
    0x08,
    0x08,
    0x08,
    0x08,
    0x00,
    0x00,
    0x00,
    0x00,

    // Glyph 427
    0x24,
    0x18,
    0x00,
    0x00,
    0x7F,
    0x08,
    0x08,
    0x08,
    0x08,
    0x08,
    0x08,
    0x08,
    0x08,
    0x08,
    0x00,
    0x00,
    0x00,
    0x00,

    // Glyph 428
    0x00,
    0x00,
    0x00,
    0x00,
    0x7F,
    0x08,
    0x08,
    0x08,
    0x08,
    0x08,
    0x08,
    0x08,
    0x08,
    0x08,
    0x00,
    0x00,
    0x08,
    0x10,

    // Glyph 429
    0x00,
    0x00,
    0x00,
    0x00,
    0x7F,
    0x08,
    0x08,
    0x08,
    0x08,
    0x08,
    0x08,
    0x08,
    0x08,
    0x08,
    0x04,
    0x04,
    0x18,
    0x00,

    // Glyph 430
    0x00,
    0x00,
    0x00,
    0x00,
    0x7F,
    0x08,
    0x08,
    0x08,
    0x3E,
    0x08,
    0x08,
    0x08,
    0x08,
    0x08,
    0x00,
    0x00,
    0x00,
    0x00,

    // Glyph 431
    0x32,
    0x4C,
    0x00,
    0x00,
    0x42,
    0x42,
    0x42,
    0x42,
    0x42,
    0x42,
    0x42,
    0x42,
    0x42,
    0x3C,
    0x00,
    0x00,
    0x00,
    0x00,

    // Glyph 432
    0x00,
    0x3C,
    0x00,
    0x00,
    0x42,
    0x42,
    0x42,
    0x42,
    0x42,
    0x42,
    0x42,
    0x42,
    0x42,
    0x3C,
    0x00,
    0x00,
    0x00,
    0x00,

    // Glyph 433
    0x42,
    0x3C,
    0x00,
    0x00,
    0x42,
    0x42,
    0x42,
    0x42,
    0x42,
    0x42,
    0x42,
    0x42,
    0x42,
    0x3C,
    0x00,
    0x00,
    0x00,
    0x00,

    // Glyph 434
    0x18,
    0x24,
    0x24,
    0x18,
    0x42,
    0x42,
    0x42,
    0x42,
    0x42,
    0x42,
    0x42,
    0x42,
    0x42,
    0x3C,
    0x00,
    0x00,
    0x00,
    0x00,

    // Glyph 435
    0x33,
    0x44,
    0x00,
    0x00,
    0x42,
    0x42,
    0x42,
    0x42,
    0x42,
    0x42,
    0x42,
    0x42,
    0x42,
    0x3C,
    0x00,
    0x00,
    0x00,
    0x00,

    // Glyph 436
    0x00,
    0x00,
    0x00,
    0x00,
    0x42,
    0x42,
    0x42,
    0x42,
    0x42,
    0x42,
    0x42,
    0x42,
    0x42,
    0x3C,
    0x10,
    0x10,
    0x0C,
    0x00,

    // Glyph 437
    0x30,
    0x0C,
    0x00,
    0x00,
    0x41,
    0x41,
    0x41,
    0x49,
    0x49,
    0x55,
    0x55,
    0x63,
    0x63,
    0x41,
    0x00,
    0x00,
    0x00,
    0x00,

    // Glyph 438
    0x06,
    0x18,
    0x00,
    0x00,
    0x41,
    0x41,
    0x41,
    0x49,
    0x49,
    0x55,
    0x55,
    0x63,
    0x63,
    0x41,
    0x00,
    0x00,
    0x00,
    0x00,

    // Glyph 439
    0x18,
    0x24,
    0x00,
    0x00,
    0x41,
    0x41,
    0x41,
    0x49,
    0x49,
    0x55,
    0x55,
    0x63,
    0x63,
    0x41,
    0x00,
    0x00,
    0x00,
    0x00,

    // Glyph 440
    0x22,
    0x22,
    0x00,
    0x00,
    0x41,
    0x41,
    0x41,
    0x49,
    0x49,
    0x55,
    0x55,
    0x63,
    0x63,
    0x41,
    0x00,
    0x00,
    0x00,
    0x00,

    // Glyph 441
    0x30,
    0x0C,
    0x00,
    0x00,
    0x41,
    0x41,
    0x22,
    0x22,
    0x14,
    0x08,
    0x08,
    0x08,
    0x08,
    0x08,
    0x00,
    0x00,
    0x00,
    0x00,

    // Glyph 442
    0x18,
    0x24,
    0x00,
    0x00,
    0x41,
    0x41,
    0x22,
    0x22,
    0x14,
    0x08,
    0x08,
    0x08,
    0x08,
    0x08,
    0x00,
    0x00,
    0x00,
    0x00,

    // Glyph 443
    0x0C,
    0x30,
    0x00,
    0x00,
    0x7E,
    0x02,
    0x02,
    0x04,
    0x08,
    0x10,
    0x20,
    0x40,
    0x40,
    0x7E,
    0x00,
    0x00,
    0x00,
    0x00,

    // Glyph 444
    0x10,
    0x10,
    0x00,
    0x00,
    0x7E,
    0x02,
    0x02,
    0x04,
    0x08,
    0x10,
    0x20,
    0x40,
    0x40,
    0x7E,
    0x00,
    0x00,
    0x00,
    0x00,

    // Glyph 445
    0x00,
    0x00,
    0x00,
    0x3C,
    0x00,
    0x00,
    0x3C,
    0x42,
    0x02,
    0x3E,
    0x42,
    0x42,
    0x46,
    0x3A,
    0x00,
    0x00,
    0x00,
    0x00,

    // Glyph 446
    0x00,
    0x00,
    0x42,
    0x3C,
    0x00,
    0x00,
    0x3C,
    0x42,
    0x02,
    0x3E,
    0x42,
    0x42,
    0x46,
    0x3A,
    0x00,
    0x00,
    0x00,
    0x00,

    // Glyph 447
    0x00,
    0x00,
    0x00,
    0x00,
    0x00,
    0x00,
    0x3C,
    0x42,
    0x02,
    0x3E,
    0x42,
    0x42,
    0x46,
    0x3A,
    0x04,
    0x04,
    0x03,
    0x00,

    // Glyph 448
    0x08,
    0x08,
    0x00,
    0x40,
    0x40,
    0x40,
    0x5C,
    0x62,
    0x42,
    0x42,
    0x42,
    0x42,
    0x62,
    0x5C,
    0x00,
    0x00,
    0x00,
    0x00,

    // Glyph 449
    0x00,
    0x00,
    0x0C,
    0x30,
    0x00,
    0x00,
    0x3C,
    0x42,
    0x40,
    0x40,
    0x40,
    0x40,
    0x42,
    0x3C,
    0x00,
    0x00,
    0x00,
    0x00,

    // Glyph 450
    0x00,
    0x00,
    0x18,
    0x24,
    0x00,
    0x00,
    0x3C,
    0x42,
    0x40,
    0x40,
    0x40,
    0x40,
    0x42,
    0x3C,
    0x00,
    0x00,
    0x00,
    0x00,

    // Glyph 451
    0x00,
    0x00,
    0x10,
    0x10,
    0x00,
    0x00,
    0x3C,
    0x42,
    0x40,
    0x40,
    0x40,
    0x40,
    0x42,
    0x3C,
    0x00,
    0x00,
    0x00,
    0x00,

    // Glyph 452
    0x00,
    0x00,
    0x24,
    0x18,
    0x00,
    0x00,
    0x3C,
    0x42,
    0x40,
    0x40,
    0x40,
    0x40,
    0x42,
    0x3C,
    0x00,
    0x00,
    0x00,
    0x00,

    // Glyph 453
    0x10,
    0x10,
    0x00,
    0x02,
    0x02,
    0x02,
    0x3A,
    0x46,
    0x42,
    0x42,
    0x42,
    0x42,
    0x46,
    0x3A,
    0x00,
    0x00,
    0x00,
    0x00,

    // Glyph 454
    0x24,
    0x18,
    0x00,
    0x02,
    0x02,
    0x02,
    0x3A,
    0x46,
    0x42,
    0x42,
    0x42,
    0x42,
    0x46,
    0x3A,
    0x00,
    0x00,
    0x00,
    0x00,

    // Glyph 455
    0x00,
    0x00,
    0x00,
    0x02,
    0x02,
    0x1F,
    0x02,
    0x3A,
    0x46,
    0x42,
    0x42,
    0x42,
    0x46,
    0x3A,
    0x00,
    0x00,
    0x00,
    0x00,

    // Glyph 456
    0x00,
    0x00,
    0x00,
    0x3C,
    0x00,
    0x00,
    0x3C,
    0x42,
    0x42,
    0x7E,
    0x40,
    0x40,
    0x42,
    0x3C,
    0x00,
    0x00,
    0x00,
    0x00,

    // Glyph 457
    0x00,
    0x00,
    0x10,
    0x10,
    0x00,
    0x00,
    0x3C,
    0x42,
    0x42,
    0x7E,
    0x40,
    0x40,
    0x42,
    0x3C,
    0x00,
    0x00,
    0x00,
    0x00,

    // Glyph 458
    0x00,
    0x00,
    0x24,
    0x18,
    0x00,
    0x00,
    0x3C,
    0x42,
    0x42,
    0x7E,
    0x40,
    0x40,
    0x42,
    0x3C,
    0x00,
    0x00,
    0x00,
    0x00,

    // Glyph 459
    0x00,
    0x00,
    0x00,
    0x00,
    0x00,
    0x00,
    0x3C,
    0x42,
    0x42,
    0x7E,
    0x40,
    0x40,
    0x42,
    0x3C,
    0x10,
    0x10,
    0x0C,
    0x00,

    // Glyph 460
    0x08,
    0x08,
    0x00,
    0x0E,
    0x10,
    0x10,
    0x10,
    0x7C,
    0x10,
    0x10,
    0x10,
    0x10,
    0x10,
    0x10,
    0x00,
    0x00,
    0x00,
    0x00,

    // Glyph 461
    0x00,
    0x00,
    0x18,
    0x24,
    0x00,
    0x00,
    0x3A,
    0x46,
    0x42,
    0x42,
    0x42,
    0x46,
    0x3A,
    0x02,
    0x02,
    0x42,
    0x3C,
    0x00,

    // Glyph 462
    0x00,
    0x00,
    0x10,
    0x10,
    0x00,
    0x00,
    0x3A,
    0x46,
    0x42,
    0x42,
    0x42,
    0x46,
    0x3A,
    0x02,
    0x02,
    0x42,
    0x3C,
    0x00,

    // Glyph 463
    0x00,
    0x00,
    0x0C,
    0x10,
    0x00,
    0x00,
    0x3A,
    0x46,
    0x42,
    0x42,
    0x42,
    0x46,
    0x3A,
    0x02,
    0x02,
    0x42,
    0x3C,
    0x00,

    // Glyph 464
    0x00,
    0x18,
    0x24,
    0x00,
    0x40,
    0x40,
    0x40,
    0x5C,
    0x62,
    0x42,
    0x42,
    0x42,
    0x42,
    0x42,
    0x00,
    0x00,
    0x00,
    0x00,

    // Glyph 465
    0x00,
    0x00,
    0x32,
    0x4C,
    0x00,
    0x00,
    0x18,
    0x08,
    0x08,
    0x08,
    0x08,
    0x08,
    0x08,
    0x3E,
    0x00,
    0x00,
    0x00,
    0x00,

    // Glyph 466
    0x00,
    0x00,
    0x00,
    0x3C,
    0x00,
    0x00,
    0x18,
    0x08,
    0x08,
    0x08,
    0x08,
    0x08,
    0x08,
    0x3E,
    0x00,
    0x00,
    0x00,
    0x00,

    // Glyph 467
    0x00,
    0x00,
    0x00,
    0x08,
    0x08,
    0x00,
    0x18,
    0x08,
    0x08,
    0x08,
    0x08,
    0x08,
    0x08,
    0x3E,
    0x08,
    0x08,
    0x06,
    0x00,

    // Glyph 468
    0x00,
    0x00,
    0x0C,
    0x12,
    0x00,
    0x00,
    0x0C,
    0x04,
    0x04,
    0x04,
    0x04,
    0x04,
    0x04,
    0x04,
    0x04,
    0x44,
    0x38,
    0x00,

    // Glyph 469
    0x00,
    0x00,
    0x00,
    0x40,
    0x40,
    0x40,
    0x44,
    0x48,
    0x50,
    0x60,
    0x50,
    0x48,
    0x44,
    0x42,
    0x20,
    0x20,
    0xC0,
    0x00,

    // Glyph 470
    0x0C,
    0x30,
    0x00,
    0x00,
    0x18,
    0x08,
    0x08,
    0x08,
    0x08,
    0x08,
    0x08,
    0x08,
    0x08,
    0x3E,
    0x00,
    0x00,
    0x00,
    0x00,

    // Glyph 471
    0x24,
    0x18,
    0x00,
    0x00,
    0x18,
    0x08,
    0x08,
    0x08,
    0x08,
    0x08,
    0x08,
    0x08,
    0x08,
    0x3E,
    0x00,
    0x00,
    0x00,
    0x00,

    // Glyph 472
    0x00,
    0x00,
    0x00,
    0x18,
    0x08,
    0x08,
    0x08,
    0x08,
    0x08,
    0x08,
    0x08,
    0x08,
    0x08,
    0x3E,
    0x08,
    0x08,
    0x30,
    0x00,

    // Glyph 473
    0x00,
    0x00,
    0x00,
    0x18,
    0x08,
    0x0A,
    0x0C,
    0x08,
    0x18,
    0x28,
    0x08,
    0x08,
    0x08,
    0x3E,
    0x00,
    0x00,
    0x00,
    0x00,

    // Glyph 474
    0x00,
    0x00,
    0x08,
    0x08,
    0x00,
    0x00,
    0x76,
    0x49,
    0x49,
    0x49,
    0x49,
    0x49,
    0x49,
    0x49,
    0x00,
    0x00,
    0x00,
    0x00,

    // Glyph 475
    0x00,
    0x00,
    0x0C,
    0x30,
    0x00,
    0x00,
    0x5C,
    0x62,
    0x42,
    0x42,
    0x42,
    0x42,
    0x42,
    0x42,
    0x00,
    0x00,
    0x00,
    0x00,

    // Glyph 476
    0x00,
    0x00,
    0x24,
    0x18,
    0x00,
    0x00,
    0x5C,
    0x62,
    0x42,
    0x42,
    0x42,
    0x42,
    0x42,
    0x42,
    0x00,
    0x00,
    0x00,
    0x00,

    // Glyph 477
    0x00,
    0x00,
    0x00,
    0x00,
    0x00,
    0x00,
    0x5C,
    0x62,
    0x42,
    0x42,
    0x42,
    0x42,
    0x42,
    0x42,
    0x20,
    0x20,
    0xC0,
    0x00,

    // Glyph 478
    0x00,
    0x00,
    0x00,
    0x00,
    0x00,
    0x00,
    0x5C,
    0x62,
    0x42,
    0x42,
    0x42,
    0x42,
    0x42,
    0x42,
    0x02,
    0x0C,
    0x00,
    0x00,

    // Glyph 479
    0x00,
    0x00,
    0x00,
    0x3C,
    0x00,
    0x00,
    0x3C,
    0x42,
    0x42,
    0x42,
    0x42,
    0x42,
    0x42,
    0x3C,
    0x00,
    0x00,
    0x00,
    0x00,

    // Glyph 480
    0x00,
    0x00,
    0x33,
    0x44,
    0x00,
    0x00,
    0x3C,
    0x42,
    0x42,
    0x42,
    0x42,
    0x42,
    0x42,
    0x3C,
    0x00,
    0x00,
    0x00,
    0x00,

    // Glyph 481
    0x00,
    0x00,
    0x10,
    0x10,
    0x00,
    0x00,
    0x5C,
    0x62,
    0x42,
    0x42,
    0x42,
    0x42,
    0x62,
    0x5C,
    0x40,
    0x40,
    0x40,
    0x00,

    // Glyph 482
    0x00,
    0x00,
    0x0C,
    0x30,
    0x00,
    0x00,
    0x5C,
    0x62,
    0x40,
    0x40,
    0x40,
    0x40,
    0x40,
    0x40,
    0x00,
    0x00,
    0x00,
    0x00,

    // Glyph 483
    0x00,
    0x00,
    0x24,
    0x18,
    0x00,
    0x00,
    0x5C,
    0x62,
    0x40,
    0x40,
    0x40,
    0x40,
    0x40,
    0x40,
    0x00,
    0x00,
    0x00,
    0x00,

    // Glyph 484
    0x00,
    0x00,
    0x00,
    0x00,
    0x00,
    0x00,
    0x5C,
    0x62,
    0x40,
    0x40,
    0x40,
    0x40,
    0x40,
    0x40,
    0x20,
    0x20,
    0xC0,
    0x00,

    // Glyph 485
    0x00,
    0x00,
    0x0C,
    0x30,
    0x00,
    0x00,
    0x3C,
    0x42,
    0x40,
    0x30,
    0x0C,
    0x02,
    0x42,
    0x3C,
    0x00,
    0x00,
    0x00,
    0x00,

    // Glyph 486
    0x00,
    0x00,
    0x18,
    0x24,
    0x00,
    0x00,
    0x3C,
    0x42,
    0x40,
    0x30,
    0x0C,
    0x02,
    0x42,
    0x3C,
    0x00,
    0x00,
    0x00,
    0x00,

    // Glyph 487
    0x00,
    0x00,
    0x10,
    0x10,
    0x00,
    0x00,
    0x3C,
    0x42,
    0x40,
    0x30,
    0x0C,
    0x02,
    0x42,
    0x3C,
    0x00,
    0x00,
    0x00,
    0x00,

    // Glyph 488
    0x00,
    0x00,
    0x00,
    0x00,
    0x00,
    0x00,
    0x3C,
    0x42,
    0x40,
    0x30,
    0x0C,
    0x02,
    0x42,
    0x3C,
    0x00,
    0x00,
    0x08,
    0x10,

    // Glyph 489
    0x10,
    0x10,
    0x00,
    0x00,
    0x10,
    0x10,
    0x10,
    0x7C,
    0x10,
    0x10,
    0x10,
    0x10,
    0x10,
    0x0E,
    0x00,
    0x00,
    0x00,
    0x00,

    // Glyph 490
    0x24,
    0x18,
    0x00,
    0x00,
    0x10,
    0x10,
    0x10,
    0x7C,
    0x10,
    0x10,
    0x10,
    0x10,
    0x10,
    0x0E,
    0x00,
    0x00,
    0x00,
    0x00,

    // Glyph 491
    0x00,
    0x00,
    0x00,
    0x10,
    0x10,
    0x10,
    0x10,
    0x7C,
    0x10,
    0x10,
    0x10,
    0x10,
    0x10,
    0x0E,
    0x00,
    0x00,
    0x08,
    0x10,

    // Glyph 492
    0x00,
    0x00,
    0x00,
    0x10,
    0x10,
    0x10,
    0x10,
    0x7C,
    0x10,
    0x10,
    0x10,
    0x10,
    0x10,
    0x0C,
    0x04,
    0x04,
    0x18,
    0x00,

    // Glyph 493
    0x00,
    0x00,
    0x00,
    0x10,
    0x10,
    0x10,
    0x10,
    0x7E,
    0x10,
    0x10,
    0x7C,
    0x10,
    0x10,
    0x0E,
    0x00,
    0x00,
    0x00,
    0x00,

    // Glyph 494
    0x00,
    0x00,
    0x32,
    0x4C,
    0x00,
    0x00,
    0x42,
    0x42,
    0x42,
    0x42,
    0x42,
    0x42,
    0x46,
    0x3A,
    0x00,
    0x00,
    0x00,
    0x00,

    // Glyph 495
    0x00,
    0x00,
    0x00,
    0x3C,
    0x00,
    0x00,
    0x42,
    0x42,
    0x42,
    0x42,
    0x42,
    0x42,
    0x46,
    0x3A,
    0x00,
    0x00,
    0x00,
    0x00,

    // Glyph 496
    0x00,
    0x00,
    0x42,
    0x3C,
    0x00,
    0x00,
    0x42,
    0x42,
    0x42,
    0x42,
    0x42,
    0x42,
    0x46,
    0x3A,
    0x00,
    0x00,
    0x00,
    0x00,

    // Glyph 497
    0x00,
    0x18,
    0x24,
    0x24,
    0x18,
    0x00,
    0x42,
    0x42,
    0x42,
    0x42,
    0x42,
    0x42,
    0x46,
    0x3A,
    0x00,
    0x00,
    0x00,
    0x00,

    // Glyph 498
    0x00,
    0x00,
    0x33,
    0x44,
    0x00,
    0x00,
    0x42,
    0x42,
    0x42,
    0x42,
    0x42,
    0x42,
    0x46,
    0x3A,
    0x00,
    0x00,
    0x00,
    0x00,

    // Glyph 499
    0x00,
    0x00,
    0x00,
    0x00,
    0x00,
    0x00,
    0x42,
    0x42,
    0x42,
    0x42,
    0x42,
    0x42,
    0x46,
    0x3A,
    0x04,
    0x04,
    0x03,
    0x00,

    // Glyph 500
    0x00,
    0x00,
    0x30,
    0x0C,
    0x00,
    0x00,
    0x41,
    0x41,
    0x49,
    0x49,
    0x49,
    0x49,
    0x49,
    0x36,
    0x00,
    0x00,
    0x00,
    0x00,

    // Glyph 501
    0x00,
    0x00,
    0x06,
    0x18,
    0x00,
    0x00,
    0x41,
    0x41,
    0x49,
    0x49,
    0x49,
    0x49,
    0x49,
    0x36,
    0x00,
    0x00,
    0x00,
    0x00,

    // Glyph 502
    0x00,
    0x00,
    0x18,
    0x24,
    0x00,
    0x00,
    0x41,
    0x41,
    0x49,
    0x49,
    0x49,
    0x49,
    0x49,
    0x36,
    0x00,
    0x00,
    0x00,
    0x00,

    // Glyph 503
    0x00,
    0x00,
    0x22,
    0x22,
    0x00,
    0x00,
    0x41,
    0x41,
    0x49,
    0x49,
    0x49,
    0x49,
    0x49,
    0x36,
    0x00,
    0x00,
    0x00,
    0x00,

    // Glyph 504
    0x00,
    0x00,
    0x30,
    0x0C,
    0x00,
    0x00,
    0x42,
    0x42,
    0x42,
    0x42,
    0x42,
    0x46,
    0x3A,
    0x02,
    0x02,
    0x42,
    0x3C,
    0x00,

    // Glyph 505
    0x00,
    0x00,
    0x18,
    0x24,
    0x00,
    0x00,
    0x42,
    0x42,
    0x42,
    0x42,
    0x42,
    0x46,
    0x3A,
    0x02,
    0x02,
    0x42,
    0x3C,
    0x00,

    // Glyph 506
    0x00,
    0x00,
    0x0C,
    0x30,
    0x00,
    0x00,
    0x7E,
    0x02,
    0x04,
    0x08,
    0x10,
    0x20,
    0x40,
    0x7E,
    0x00,
    0x00,
    0x00,
    0x00,

    // Glyph 507
    0x00,
    0x00,
    0x10,
    0x10,
    0x00,
    0x00,
    0x7E,
    0x02,
    0x04,
    0x08,
    0x10,
    0x20,
    0x40,
    0x7E,
    0x00,
    0x00,
    0x00,
    0x00,

    // Glyph 508
    0x00,
    0x00,
    0x42,
    0x3C,
    0x00,
    0x00,
    0x00,
    0x00,
    0x00,
    0x00,
    0x00,
    0x00,
    0x00,
    0x00,
    0x00,
    0x00,
    0x00,
    0x00,

    // Glyph 509
    0x00,
    0x00,
    0x10,
    0x10,
    0x00,
    0x00,
    0x00,
    0x00,
    0x00,
    0x00,
    0x00,
    0x00,
    0x00,
    0x00,
    0x00,
    0x00,
    0x00,
    0x00,

    // Glyph 510
    0x00,
    0x00,
    0x24,
    0x18,
    0x00,
    0x00,
    0x00,
    0x00,
    0x00,
    0x00,
    0x00,
    0x00,
    0x00,
    0x00,
    0x00,
    0x00,
    0x00,
    0x00,

    // Glyph 511
    0x00,
    0x00,
    0x00,
    0x00,
    0x00,
    0x00,
    0x00,
    0x00,
    0x00,
    0x00,
    0x00,
    0x00,
    0x00,
    0x00,
    0x10,
    0x10,
    0x0C,
    0x00,

};
